Date,Minimum temperature (�C),Maximum temperature (�C),Rainfall (mm),Evaporation (mm),Sunshine (hours),Direction of maximum wind gust,Speed of maximum wind gust (km/h),Time of maximum wind gust,9am Temperature (�C),9am relative humidity (%),9am cloud amount (oktas),9am wind direction,9am wind speed (km/h),9am MSL pressure (hPa),3pm Temperature (�C),3pm relative humidity (%),3pm cloud amount (oktas),3pm wind direction,3pm wind speed (km/h),3pm MSL pressure (hPa),RainTomorrow
2017-05-01T00:00:00Z,1.5,19.9,0,,,NNW,48,12:42,8.5,90,2, ,0,1018.4,18.6,52,2,NW,24,1015.5,NO
2017-05-02T00:00:00Z,5.2,16.0,0,,,NW,37,15:10,10.9,80,4, ,0,1018.7,14.7,65,8,NW,24,1017.8,NO
2017-05-03T00:00:00Z,0.6,16.7,0,,,SE,31,13:39,8.0,62,0,SSE,20,1029.3,14.3,43,7,ENE,13,1027.6,NO
2017-05-04T00:00:00Z,-0.1,17.6,0,,,ENE,24,18:16,7.9,73,0,SSE,6,1032.8,16.2,46,3,NNE,11,1029.3,NO
2017-05-05T00:00:00Z,2.3,19.1,0,,,NNW,30,14:34,9.4,92,6, ,0,1032.0,17.6,51,2,NNW,19,1027.7,YES
2017-05-06T00:00:00Z,1.8,17.3,0.2,,,NNW,43,13:19,7.9,98,7,SSW,7,1025.5,16.8,70,5,NW,26,1021.6,NO
2017-05-07T00:00:00Z,4.2,15.2,0,,,NW,39,03:05,10.4,45,0,WNW,17,1025.5,14.2,46,0,N,20,1024.3,NO
2017-05-08T00:00:00Z,-4.4,15.2,0,,,S,31,17:51,7.6,64,0,SSE,6,1029.4,13.7,45,4,ESE,13,1026.3,NO
2017-05-09T00:00:00Z,-1.0,17.7,0,,,S,17,10:18,9.2,68,0,ESE,6,1028.5,16.9,33,0,SE,6,1024.4,NO
2017-05-10T00:00:00Z,-2.0,18.5,0,,,SW,17,13:33,7.1,81,0,ESE,6,1026.8,17.2,39,0,NW,4,1022.8,NO
2017-05-11T00:00:00Z,-1.7,18.8,0,,,WNW,20,15:16,6.8,76,0, ,0,1026.2,17.3,37,0,WNW,9,1023.7,NO
2017-05-12T00:00:00Z,-0.6,16.2,0,,,NNW,15,15:09,5.8,91,8,SSE,9,1029.1,15.8,52,8,W,7,1024.8,NO
2017-05-13T00:00:00Z,3.4,18.9,0,,,ESE,19,19:33,9.2,85,1, ,0,1025.5,18.6,38,0,NNE,9,1022.1,NO
2017-05-14T00:00:00Z,7.0,15.9,0,,,NW,30,12:09,12.7,81,8,SE,11,1023.8,13.3,82,8,SE,11,1020.7,YES
2017-05-15T00:00:00Z,3.3,17.1,0.6,,,SSW,35,11:48,7.4,99,1, ,0,1019.9,16.5,45,0,S,22,1016.3,NO
2017-05-16T00:00:00Z,0.3,16.8,0,,,S,28,00:06,7.9,77,0,N,4,1019.6,16.4,48,0,W,9,1017.3,NO
2017-05-17T00:00:00Z,-1.0,16.8,0,,,SW,19,13:38,4.7,96,0,N,7,1023.9,16.1,49,0,WSW,9,1021.4,NO
2017-05-18T00:00:00Z,4.6,19.1,0,,,ESE,30,15:54,11.4,79,1, ,0,1027.7,18.3,51,0,ENE,19,1024.7,NO
2017-05-19T00:00:00Z,9.8,15.9,0,,,E,37,01:20,13.9,78,7,E,13,1026.0,14.6,87,8,E,9,1021.3,YES
2017-05-20T00:00:00Z,8.8,17.8,31.2,,,SE,33,05:39,11.3,93,5,N,4,1019.8,16.3,63,1,NW,17,1017.2,YES
2017-05-21T00:00:00Z,0.7,17.2,0.2,,,NW,26,13:01,5.6,99,4, ,0,1023.2,16.3,48,0,N,11,1020.9,NO
2017-05-22T00:00:00Z,0.2,18.1,0,,,W,17,13:56,7.3,87,0,SSE,6,1026.1,17.6,44,0,WSW,11,1022.1,NO
2017-05-23T00:00:00Z,1.1,17.6,0,,,NW,39,16:02,5.6,99,8, ,0,1023.4,16.2,63,0,N,26,1018.1,YES
2017-05-24T00:00:00Z,5.5,15.9,1.8,,,WNW,50,12:54,12.6,84,0,NNW,19,1015.8,14.3,55,0,WNW,30,1015.0,NO
2017-05-25T00:00:00Z,0.8,12.5,0,,,NW,20,13:39,4.4,99,8,SE,9,1022.6,11.5,77,0,WSW,13,1020.0,NO
2017-05-26T00:00:00Z,0.4,16.0,0,,,NNW,17,15:04,4.5,99,8,ENE,4,1023.9,15.7,47,0,NNW,11,1021.0,NO
2017-05-27T00:00:00Z,0.7,16.0,0,,,NW,30,13:53,8.4,98,7, ,0,1022.6,15.2,59,0,NW,15,1017.9,YES
2017-05-28T00:00:00Z,0.0,14.3,0.2,,,NW,61,14:11,10.7,80,7,NNW,26,1011.6,12.3,65,6,NW,33,1009.0,NO
2017-05-29T00:00:00Z,3.3,11.7,0,,,WNW,39,09:55,7.0,64,0,NW,22,1018.0,10.4,50,0,WNW,24,1019.0,NO
2017-05-30T00:00:00Z,-4.5,12.6,0,,,NW,43,15:46,2.0,87,0,E,7,1023.1,10.9,63,1,NW,31,1021.4,NO
2017-05-31T00:00:00Z,-0.7,11.0,0,,,S,50,12:38,6.3,59,0,S,17,1028.2,10.1,44,0,S,33,1027.9,NO
2017-06-01T00:00:00Z,-4.2,13.0,0,,,SSE,33,10:46,5.4,70,0,N,6,1034.9,12.4,39,0,NW,9,1033.0,NO
2017-06-02T00:00:00Z,-5.1,12.9,0,,,SSW,35,10:32,2.7,86,0, ,0,1035.9,12.0,48,0,SSE,17,1033.1,NO
2017-06-03T00:00:00Z,-4.2,15.4,0,,,W,19,14:09,5.4,82,0, ,0,1033.9,14.5,51,1,NNW,13,1030.6,YES
2017-06-04T00:00:00Z,-3.3,13.9,0.2,,,NNW,20,14:33,1.2,99,8,N,4,1030.1,13.3,50,0,NW,13,1025.6,NO
2017-06-05T00:00:00Z,-3.8,12.7,0,,,NNW,24,15:16,1.4,96,0, ,0,1026.8,12.5,55,0,NNW,15,1022.8,YES
2017-06-06T00:00:00Z,-3.2,12.8,0.2,,,SSE,56,23:25,5.6,84,8,S,7,1021.6,10.1,54,8,S,22,1020.8,NO
2017-06-07T00:00:00Z,5.6,12.6,0,,,S,56,07:30,8.3,68,0,S,31,1026.0,12.2,60,8,S,35,1025.6,NO
2017-06-08T00:00:00Z,5.7,17.2,0,,,SSE,22,00:02,10.2,78,6,SSE,9,1028.3,16.4,51,0,NW,11,1025.4,YES
2017-06-09T00:00:00Z,5.5,13.5,0.4,,,SE,33,13:12,9.9,85,1,ESE,6,1029.8,12.0,68,8,SE,17,1030.2,NO
2017-06-10T00:00:00Z,5.1,14.1,0,,,SSE,30,10:39,10.2,77,1,SSE,13,1035.0,12.9,64,7,SE,7,1032.9,NO
2017-06-11T00:00:00Z,-0.1,16.0,0,,,E,17,20:52,4.4,99,8,SSE,7,1031.8,15.3,63,0,WSW,7,1026.8,YES
2017-06-12T00:00:00Z,-1.7,15.2,0.2,,,W,15,16:45,4.2,99,8, ,0,1028.4,14.3,57,1,W,7,1025.5,NO
2017-06-13T00:00:00Z,-3.0,15.7,0,,,W,17,15:40,3.6,88,0,NNW,2,1032.6,15.3,53,0,WSW,6,1030.5,YES
2017-06-14T00:00:00Z,-3.1,15.3,0.2,,,NNW,20,13:05,2.2,99,8,SSE,6,1033.9,14.8,57,0,NNW,15,1029.9,YES
2017-06-15T00:00:00Z,-2.8,9.9,0.2,,,NNW,11,11:27,2.5,99,8,WSW,7,1029.9,9.5,71,8,SW,9,1027.0,YES
2017-06-16T00:00:00Z,-2.0,11.5,0.2,,,SW,11,09:20,3.0,99,8,SSW,6,1027.9,11.2,70,8,W,7,1025.2,NO
2017-06-17T00:00:00Z,2.9,13.0,0,,,NNW,13,02:56,9.2,89,8,SE,7,1026.2,12.8,71,8,SSW,6,1023.8,NO
2017-06-18T00:00:00Z,0.8,15.0,0,,,SSE,33,10:40,7.3,80,0,ESE,9,1029.6,14.7,41,0,SSW,13,1028.3,NO
2017-06-19T00:00:00Z,-3.6,15.7,0,,,NW,15,13:10,2.2,96,0, ,0,1033.7,15.5,44,0,NW,7,1030.1,NO
2017-06-20T00:00:00Z,-2.9,13.3,0,,,NW,24,16:22,3.3,99,7,SSE,6,1031.3,12.9,69,0,WSW,11,1026.6,YES
2017-06-21T00:00:00Z,-2.4,14.7,0.2,,,WSW,15,15:27,0.1,99,2,S,6,1029.2,14.5,50,0,SW,11,1026.5,NO
2017-06-22T00:00:00Z,-0.4,13.9,0,,,NW,37,12:53,4.0,99,7,NNW,2,1029.9,13.3,56,0,NNW,22,1025.6,YES
2017-06-23T00:00:00Z,-2.9,13.3,0.4,,,NNW,35,14:12,0.1,99,8,N,7,1022.2,12.4,54,0,NNW,22,1016.6,NO
2017-06-24T00:00:00Z,0.1,14.4,0,,,NW,48,14:33,9.1,68,0,N,20,1017.5,13.0,45,0,NW,28,1016.2,NO
2017-06-25T00:00:00Z,-4.3,14.5,0,,,WNW,54,13:38,2.3,81,0,SE,9,1018.9,12.0,49,0,WNW,28,1016.5,NO
2017-06-26T00:00:00Z,-3.2,13.8,0,,,NNW,28,13:45,4.8,90,1,SE,9,1023.2,12.8,50,1,N,13,1022.5,NO
2017-06-27T00:00:00Z,-4.1,11.3,0,,,NNW,17,13:09,2.3,94,0, ,0,1028.0,10.5,62,8,NNW,9,1024.5,NO
2017-06-28T00:00:00Z,2.1,12.4,0,,,N,30,15:59,5.8,97,7,S,2,1024.1,11.7,59,5,NNW,20,1021.8,YES
2017-06-29T00:00:00Z,-4.1,10.6,0.2,,,NW,24,21:32,-0.3,99,8,N,7,1023.7,9.8,65,1,WNW,15,1020.2,NO
2017-06-30T00:00:00Z,-4.3,11.5,0,,,S,28,11:02,1.8,89,0, ,0,1027.0,10.6,35,0,W,15,1026.0,NO
2017-07-01T00:00:00Z,-8.7,12.1,0,,,S,24,00:10,-0.5,81,0,N,2,1032.3,11.7,37,0,N,6,1029.1,NO
2017-07-02T00:00:00Z,-8.2,13.8,0,,,NNW,19,14:47,-0.3,87,0,WNW,6,1029.1,13.5,26,0,NNW,11,1024.0,NO
2017-07-03T00:00:00Z,-7.1,10.6,0,,,NW,33,23:33,-1.1,81,8,NNW,9,1021.8,8.9,64,8,SW,7,1015.3,NO
2017-07-04T00:00:00Z,-1.1,13.9,0,,,NW,57,15:33,9.1,63,0,NNW,30,1013.9,10.7,67,5,NW,33,1012.3,NO
2017-07-05T00:00:00Z,6.6,13.3,0,,,NNW,41,08:53,8.9,82,2,NNW,31,1014.4,9.8,77,6,WNW,17,1012.4,YES
2017-07-06T00:00:00Z,-2.3,12.7,1.6,,,NW,35,13:31,4.9,91,0,SE,7,1019.0,11.8,45,0,WNW,24,1015.6,YES
2017-07-07T00:00:00Z,-2.6,12.3,0.6,,,NW,44,13:59,2.1,99,8, ,0,1013.7,11.0,46,7,WNW,26,1011.0,NO
2017-07-08T00:00:00Z,-5.1,11.8,0,,,NW,35,12:31,2.3,99,0,SW,6,1016.9,10.4,66,7,NW,19,1016.1,YES
2017-07-09T00:00:00Z,2.3,11.6,0.2,,,WNW,39,12:14,6.6,83,8,NNW,19,1021.5,9.3,66,8,WNW,22,1019.8,NO
2017-07-10T00:00:00Z,-3.5,12.2,0,,,NW,31,15:01,1.7,96,8,SE,6,1027.9,11.1,51,0,NW,24,1025.8,NO
2017-07-11T00:00:00Z,-6.0,13.3,0,,,W,20,15:10,-1.4,99,4,N,6,1033.2,12.7,46,4,W,13,1031.7,NO
2017-07-12T00:00:00Z,-3.6,12.3,0,,,SE,24,08:22,2.3,88,0,SE,13,1036.6,11.3,47,0,N,6,1032.3,YES
2017-07-13T00:00:00Z,-5.8,12.7,0.2,,,NW,33,16:07,-0.3,99,8,NNW,2,1030.0,11.7,51,0,NW,22,1024.7,NO
2017-07-14T00:00:00Z,-2.2,14.0,0,,,NNW,48,14:43,8.2,80,0,NNW,7,1019.7,11.4,61,8,NW,33,1016.2,YES
2017-07-15T00:00:00Z,-2.5,10.8,0.6,,,WNW,31,14:55,5.1,99,7,SSW,2,1020.4,9.9,49,8,WNW,22,1019.5,NO
2017-07-16T00:00:00Z,-7.0,10.5,0,,,N,26,13:00,-0.4,88,0,SW,4,1024.9,10.1,43,0,N,13,1021.3,NO
2017-07-17T00:00:00Z,-5.5,13.7,0,,,NE,41,21:46,-0.6,93,6, ,0,1021.3,12.1,55,1,NW,28,1017.3,YES
2017-07-18T00:00:00Z,-0.6,13.6,4.2,,,NW,57,13:50,8.8,80,0,N,17,1014.1,10.3,71,2,NW,26,1010.7,YES
2017-07-19T00:00:00Z,4.1,13.0,2.2,,,WNW,44,12:45,7.1,82,2,NW,22,1009.1,12.2,52,8,WNW,31,1009.4,NO
2017-07-20T00:00:00Z,-1.2,10.8,0,,,NW,44,12:49,6.1,70,0,WNW,22,1014.9,9.0,53,0,WNW,31,1014.0,NO
2017-07-21T00:00:00Z,-4.0,12.1,0,,,S,35,10:47,3.5,76,0,NNW,6,1023.9,11.5,48,0,WNW,11,1022.4,NO
2017-07-22T00:00:00Z,-7.5,12.8,0,,,NNW,33,14:25,-1.6,99,8,NNE,2,1025.0,11.9,42,0,NNW,26,1020.5,NO
2017-07-23T00:00:00Z,-1.6,16.2,0,,,NW,52,11:12,7.8,52,0,NNW,22,1019.3,14.7,39,0,WNW,35,1014.1,NO
2017-07-24T00:00:00Z,3.4,14.5,0,,,WNW,41,03:09,9.1,70,0,NW,30,1021.0,13.2,47,0,WNW,28,1019.5,NO
2017-07-25T00:00:00Z,2.9,14.7,0,,,WNW,44,11:25,8.0,85,4,NNW,24,1023.9,14.1,52,0,NNW,28,1019.9,YES
2017-07-26T00:00:00Z,7.6,13.7,0.2,,,WNW,50,13:49,10.3,65,1,WNW,28,1018.1,12.5,48,3,WNW,26,1018.7,NO
2017-07-27T00:00:00Z,-3.9,12.3,0,,,N,28,14:14,1.0,99,8,W,4,1027.4,11.9,50,0,N,15,1022.5,YES
2017-07-28T00:00:00Z,0.2,14.2,1.8,,,WNW,44,15:06,8.2,69,1,WNW,22,1017.5,13.0,45,0,WNW,28,1018.1,NO
2017-07-29T00:00:00Z,-5.5,14.4,0,,,N,33,14:52,0.8,99,8, ,0,1023.0,13.8,37,0,N,22,1017.3,NO
2017-07-30T00:00:00Z,0.8,17.9,0,,,NW,48,11:06,12.8,42,7,NW,11,1015.9,12.8,64,8,NW,20,1014.6,YES
2017-07-31T00:00:00Z,,8.8,5.4,,,NNW,28,01:17,8.5,99,0,N,7,1020.1,8.5,94,8,W,9,1017.1,YES
2017-08-01T00:00:00Z,-0.7,13.1,13.4,,,WNW,17,13:19,0.8,99,8,NNE,2,1026.4,12.3,53,0,SSW,7,1024.4,NO
2017-08-02T00:00:00Z,-2.3,13.8,0,,,E,28,16:19,4.4,80,0,SE,13,1027.3,13.2,39,0,SE,11,1022.1,NO
2017-08-03T00:00:00Z,-1.7,12.4,0,,,ENE,41,11:28,4.6,86,7,ESE,11,1020.9,11.2,71,8,E,26,1012.5,YES
2017-08-04T00:00:00Z,4.6,9.5,17.8,,,WNW,50,14:53,6.8,94,8,NNW,24,1009.7,8.5,69,1,WNW,31,1009.2,YES
2017-08-05T00:00:00Z,5.0,10.8,1.4,,,NW,59,12:28,6.6,79,8,NW,30,1013.1,10.2,57,5,NW,33,1011.9,NO
2017-08-06T00:00:00Z,4.6,13.8,0,,,NW,67,18:18,8.6,65,0,NW,26,1013.2,12.6,48,8,NNW,37,1008.5,YES
2017-08-07T00:00:00Z,4.6,10.0,3.0,,,NW,63,13:46,5.7,87,8,NNW,35,1008.9,5.5,88,8,NNW,28,1009.0,YES
2017-08-08T00:00:00Z,1.5,13.1,2.2,,,WNW,44,15:21,6.2,71,0,NW,9,1019.1,11.1,48,0,W,31,1018.5,NO
2017-08-09T00:00:00Z,3.5,16.1,0,,,N,33,02:39,8.9,72,0,NW,20,1024.1,14.7,53,0,N,22,1020.8,NO
2017-08-10T00:00:00Z,0.1,16.6,0,,,NNW,54,14:47,9.4,84,0,W,4,1020.1,15.4,46,0,NNW,35,1014.2,NO
2017-08-11T00:00:00Z,8.3,15.9,0,,,WNW,57,12:42,12.1,48,6,NW,20,1015.7,14.3,39,0,WNW,31,1015.6,NO
2017-08-12T00:00:00Z,5.6,15.1,0,,,NW,56,12:44,11.0,53,0,WNW,22,1019.6,13.7,54,0,NW,33,1019.1,NO
2017-08-13T00:00:00Z,1.6,16.4,0,,,NW,37,00:03,6.2,90,6,SE,13,1024.7,15.6,43,0,NW,24,1021.0,NO
2017-08-14T00:00:00Z,-0.4,19.2,0,,,NW,37,14:40,6.6,75,0,ESE,2,1021.7,18.4,35,0,W,28,1016.3,NO
2017-08-15T00:00:00Z,0.5,17.6,0,,,NNW,57,12:43,6.5,89,8,SSW,7,1015.1,16.0,63,8,NNW,20,1008.7,YES
2017-08-16T00:00:00Z,6.4,13.9,5.2,,,WNW,59,12:51,10.0,88,8,WNW,17,1001.4,11.7,49,1,WNW,33,1004.5,NO
2017-08-17T00:00:00Z,5.6,14.9,0,,,WNW,76,14:48,10.1,64,4,NW,33,1009.1,14.2,42,3,WNW,46,1005.3,YES
2017-08-18T00:00:00Z,3.8,9.7,3.6,,,W,65,11:16,6.6,70,0,WNW,37,1008.8,7.9,64,0,WNW,37,1009.4,NO
2017-08-19T00:00:00Z,-3.1,11.2,0,,,SSE,44,09:07,6.3,57,0,SSW,9,1020.0,10.4,34,1,S,28,1020.6,YES
2017-08-20T00:00:00Z,-3.0,13.2,0.2,,,S,24,01:34,5.1,63,0,SE,9,1025.9,12.8,34,0,N,11,1021.5,NO
2017-08-21T00:00:00Z,1.6,13.1,0,,,NNW,35,13:57,5.5,87,8,SSW,7,1019.0,10.2,51,7,NW,24,1016.2,NO
2017-08-22T00:00:00Z,-2.7,16.5,0,,,NW,26,15:53,5.3,78,0, ,0,1021.0,16.2,32,0,N,11,1018.6,NO
2017-08-23T00:00:00Z,-3.2,16.3,0,,,NW,35,13:11,4.5,81,0, ,0,1021.5,15.4,37,0,WNW,20,1017.8,NO
2017-08-24T00:00:00Z,-2.6,14.0,0,,,SSW,30,11:21,3.9,81,8,ENE,2,1020.1,13.2,43,5,S,15,1018.5,NO
2017-08-25T00:00:00Z,-5.1,14.8,0,,,NE,24,15:09,5.8,73,0, ,0,1027.4,14.0,28,0,N,9,1024.4,NO
2017-08-26T00:00:00Z,-3.0,15.7,0,,,NW,35,15:24,3.6,95,8,NNW,7,1025.9,15.6,36,0,NNW,22,1020.9,NO
2017-08-27T00:00:00Z,-2.7,10.7,0,,,S,48,13:40,5.8,67,4,SSW,9,1017.3,4.3,79,8,SSE,22,1016.8,YES
2017-08-28T00:00:00Z,-2.4,12.4,2.4,,,S,39,09:39,6.0,58,0,S,30,1021.9,12.0,32,0,SSW,15,1019.9,NO
2017-08-29T00:00:00Z,-2.1,13.0,0,,,WNW,37,12:13,5.4,66,0,S,7,1023.8,12.4,40,1,NNW,20,1020.5,NO
2017-08-30T00:00:00Z,-5.3,15.0,0,,,NW,35,15:26,3.6,74,0,NNW,6,1024.4,14.1,38,0,WNW,15,1022.2,NO
2017-08-31T00:00:00Z,-1.2,13.8,0,,,S,39,09:43,6.1,58,0,SE,17,1030.7,12.9,37,0,SSW,20,1026.6,NO
2017-09-01T00:00:00Z,-4.7,15.0,0,,,NW,28,13:40,4.7,71,0,SSE,6,1027.7,14.2,36,0,NW,13,1021.5,NO
2017-09-02T00:00:00Z,-3.9,18.0,0,,,NW,39,15:59,5.1,76,0, ,0,1022.4,17.7,34,3,NW,19,1018.7,NO
2017-09-03T00:00:00Z,1.0,23.5,0,,,NW,69,12:59,8.7,76,8,N,9,1012.4,21.7,26,4,NNW,33,1003.7,NO
2017-09-04T00:00:00Z,5.5,12.8,0,,,NW,72,13:49,10.5,55,0,NW,33,1009.0,7.6,76,7,W,26,1007.4,YES
2017-09-05T00:00:00Z,2.4,9.6,1.6,,,NW,65,11:09,5.6,73,8,WNW,37,1010.3,7.6,62,8,NW,43,1009.6,YES
2017-09-06T00:00:00Z,3.4,10.0,2.8,,,WNW,44,04:34,7.1,64,1,NW,30,1014.0,8.8,61,8,NW,24,1014.8,YES
2017-09-07T00:00:00Z,4.8,13.0,0.6,,,W,46,15:17,9.6,67,8,WNW,20,1019.1,11.1,50,1,WNW,33,1017.4,NO
2017-09-08T00:00:00Z,5.3,13.8,0,,,WNW,44,11:54,9.6,61,8,WNW,22,1017.9,12.5,39,0,WNW,35,1016.7,NO
2017-09-09T00:00:00Z,0.6,14.7,0,,,NW,33,15:56,8.3,57,0,NNW,7,1022.3,12.6,49,7,NW,19,1020.8,NO
2017-09-10T00:00:00Z,-3.2,16.9,0,,,NNW,30,15:32,7.2,72,0,NNW,6,1023.6,15.9,35,0,NNW,20,1019.9,NO
2017-09-11T00:00:00Z,-2.4,19.9,0,,,WNW,35,13:44,7.3,71,0,SW,6,1020.6,18.4,40,4,NNW,19,1016.8,NO
2017-09-12T00:00:00Z,3.6,23.8,0,,,NW,57,11:45,13.4,56,2,NE,6,1016.6,22.9,27,0,WNW,37,1011.3,NO
2017-09-13T00:00:00Z,8.4,22.5,0,,,NW,59,13:05,18.1,30,1,NNW,33,1006.6,15.8,48,6,WNW,28,1006.5,NO
2017-09-14T00:00:00Z,4.4,12.4,0,,,WNW,56,21:58,7.2,55,1,WNW,28,1012.1,10.5,43,6,WNW,33,1013.3,NO
2017-09-15T00:00:00Z,7.0,13.6,0,,,WNW,52,13:56,11.0,70,8,NW,31,1019.6,11.5,60,8,WNW,31,1019.4,YES
2017-09-16T00:00:00Z,8.0,14.9,0.4,,,WNW,57,12:32,10.5,70,4,WNW,33,1017.0,13.0,42,4,WNW,33,1018.0,YES
2017-09-17T00:00:00Z,-6.1,16.7,0.4,,,NW,28,14:08,6.5,59,0,SSE,4,1027.9,15.6,21,0,NNW,17,1023.7,NO
2017-09-18T00:00:00Z,-5.6,20.1,0,,,NW,54,11:46,7.2,56,0,W,6,1023.6,19.5,27,0,NW,30,1017.9,NO
2017-09-19T00:00:00Z,2.8,14.9,0,,,WNW,54,13:18,10.9,50,1,WNW,28,1016.7,13.9,37,0,WNW,33,1016.7,NO
2017-09-20T00:00:00Z,-4.1,18.2,0,,,N,33,15:28,6.7,60,0,NNW,6,1021.8,17.6,34,0,NNW,17,1016.9,NO
2017-09-21T00:00:00Z,-1.1,22.6,0,,,NNW,41,14:49,10.2,64,0,WNW,6,1018.1,21.2,24,0,NNW,30,1013.8,NO
2017-09-22T00:00:00Z,1.1,25.2,0,,,NNW,41,12:21,13.1,54,1,S,6,1015.9,24.8,16,0,NW,24,1012.1,NO
2017-09-23T00:00:00Z,1.3,30.2,0,,,NNW,61,12:15,17.3,36,0,NNW,9,1010.2,29.8,14,0,NNW,39,1001.7,NO
2017-09-24T00:00:00Z,12.7,21.4,0,,,WNW,80,14:35,14.6,54,8,NW,33,1007.1,19.6,27,1,WNW,39,1002.9,NO
2017-09-25T00:00:00Z,8.1,17.5,0,,,WNW,50,14:27,13.9,47,1,NW,24,1008.8,15.5,41,0,WNW,35,1008.9,NO
2017-09-26T00:00:00Z,4.2,19.4,0,,,NNW,35,15:14,12.8,33,0,W,13,1016.7,19.1,26,0,NNW,22,1014.8,NO
2017-09-27T00:00:00Z,1.4,24.3,0,,,NNW,63,22:52,10.6,71,0,E,7,1015.9,23.0,25,7,NW,13,1008.1,YES
2017-09-28T00:00:00Z,10.4,20.3,7.6,,,NNW,61,00:41,17.2,49,2,WNW,24,1008.3,18.5,42,1,W,28,1008.8,NO
2017-09-29T00:00:00Z,7.1,19.5,0,,,WNW,54,15:01,14.8,44,0,WNW,22,1016.1,17.7,32,2,WNW,33,1012.9,NO
2017-09-30T00:00:00Z,10.0,17.9,0,,,WNW,72,10:54,13.2,43,0,W,37,1015.5,16.7,26,0,W,24,1016.3,NO
2017-10-01T00:00:00Z,-0.7,19.8,0,,,NNW,43,13:02,10.6,58,0,WNW,9,1022.2,18.4,38,0,NW,26,1018.6,NO
2017-10-02T00:00:00Z,1.7,22.5,0,,,NW,31,12:58,10.4,73,0,SE,7,1024.6,21.1,25,0,W,19,1021.3,NO
2017-10-03T00:00:00Z,4.5,25.0,0,,,NNW,37,13:02,10.8,95,8,N,9,1023.8,23.3,28,0,NW,24,1019.7,NO
2017-10-04T00:00:00Z,2.4,25.4,0,,,NNW,35,13:50,12.9,60,0,SSE,9,1022.8,23.7,23,0,NW,11,1018.7,NO
2017-10-05T00:00:00Z,8.3,26.6,0,,,NW,50,12:39,13.5,83,7,SSE,9,1018.4,23.5,35,8,NW,31,1013.3,YES
2017-10-06T00:00:00Z,11.1,21.5,0.2,,,S,48,13:07,12.2,63,8,NW,11,1014.9,19.8,32,0,S,30,1015.8,YES
2017-10-07T00:00:00Z,1.3,21.1,0.2,,,E,37,19:09,10.1,57,6,SSE,15,1023.4,19.4,37,2,E,13,1019.9,NO
2017-10-08T00:00:00Z,5.2,20.1,0,,,NNW,33,12:34,12.6,72,3,E,9,1018.9,18.2,56,8,NW,17,1015.6,YES
2017-10-09T00:00:00Z,12.2,25.4,12.8,,,NW,56,14:18,16.3,88,8,NNE,11,1011.6,22.6,44,8,WNW,35,1008.9,NO
2017-10-10T00:00:00Z,4.5,22.7,0,,,NNW,28,11:52,11.6,84,7,SW,9,1017.6,22.3,29,0,NNW,17,1015.1,NO
2017-10-11T00:00:00Z,10.8,25.6,0,,,NNW,50,22:48,16.0,78,5,WNW,6,1016.6,24.6,23,0,NNW,20,1011.2,YES
2017-10-12T00:00:00Z,12.3,20.6,3.8,,,NW,61,01:43,14.6,57,0,WNW,28,1011.2,18.8,35,0,WNW,35,1012.4,NO
2017-10-13T00:00:00Z,2.8,21.3,0,,,N,37,13:22,12.2,61,0,NW,7,1018.4,20.3,41,0,NNW,24,1015.7,NO
2017-10-14T00:00:00Z,10.8,17.9,0,,,NE,31,17:11,13.3,72,8,ESE,17,1023.4,16.6,58,8,ENE,15,1022.4,NO
2017-10-15T00:00:00Z,6.7,24.7,0,,,E,31,18:35,12.1,77,8,N,9,1026.0,22.4,32,0,NW,9,1022.8,NO
2017-10-16T00:00:00Z,6.1,25.2,0,,,ENE,33,10:49,14.1,75,0,ESE,11,1028.4,24.2,28,0,NE,13,1024.9,NO
2017-10-17T00:00:00Z,3.7,27.4,0,,,ENE,35,15:16,14.2,73,0,ESE,11,1027.9,26.4,18,0,NE,13,1023.9,NO
2017-10-18T00:00:00Z,5.5,27.5,0,,,NE,35,19:35,15.0,70,5,SE,7,1028.2,26.0,30,0,NE,11,1023.3,NO
2017-10-19T00:00:00Z,9.2,27.3,0,,,NW,50,10:50,17.8,66,0,W,6,1024.4,24.7,51,8,NW,30,1020.5,YES
2017-10-20T00:00:00Z,14.2,21.1,11.2,,,ESE,33,13:20,16.0,93,7,SSW,2,1020.3,14.0,81,8,E,24,1020.4,YES
2017-10-21T00:00:00Z,1.4,19.9,0.2,,,ENE,30,20:31,9.2,60,0,ESE,11,1022.4,18.8,32,0,N,11,1017.6,NO
2017-10-22T00:00:00Z,9.1,19.1,0,,,SSW,37,15:18,12.8,66,2,NE,9,1014.7,17.3,41,8,WSW,13,1012.1,YES
2017-10-23T00:00:00Z,3.1,22.6,0.4,,,NNW,26,15:26,11.8,67,0,S,7,1018.7,21.3,15,0,NNE,9,1016.0,NO
2017-10-24T00:00:00Z,3.6,24.7,0,,,NW,41,11:39,13.9,59,0,NNE,2,1019.0,21.3,33,8,WNW,26,1016.4,NO
2017-10-25T00:00:00Z,12.5,25.8,0,,,NW,48,13:06,19.3,54,4,NW,19,1013.7,22.5,36,7,WNW,24,1011.1,YES
2017-10-26T00:00:00Z,12.2,23.8,0.2,,,E,57,15:40,15.9,70,8,E,20,1007.2,21.4,50,2,ENE,28,1003.1,YES
2017-10-27T00:00:00Z,10.8,22.7,15.2,,,S,30,02:12,14.6,73,8,S,17,1012.3,21.3,54,1,N,9,1010.8,YES
2017-10-28T00:00:00Z,9.7,26.4,0.2,,,NW,43,15:08,16.8,77,1,NW,7,1012.1,25.3,41,1,NNW,22,1008.9,YES
2017-10-29T00:00:00Z,11.2,25.4,1.2,,,NNW,48,13:18,16.8,76,8,NW,24,1009.9,24.4,44,1,NNW,33,1006.5,NO
2017-10-30T00:00:00Z,9.7,21.5,0,,,NW,59,12:23,19.9,43,0,NNW,24,1003.3,19.6,34,2,W,37,1005.4,YES
2017-10-31T00:00:00Z,3.6,17.7,12.8,,,SSW,33,09:54,9.7,55,0,SSW,17,1017.4,16.0,35,8,SSE,11,1013.4,NO
2017-11-01T00:00:00Z,4.8,21.4,0,,,SSE,46,23:27,11.3,50,0,S,28,1014.2,19.5,33,3,S,24,1010.4,NO
2017-11-02T00:00:00Z,5.8,23.1,0,,,NNW,37,13:50,13.8,51,0,SE,13,1013.6,20.5,41,8,NNW,17,1010.5,NO
2017-11-03T00:00:00Z,4.3,19.7,0,,,W,59,11:24,14.6,66,3,NNW,9,1010.5,17.3,53,8,NNW,30,1011.2,NO
2017-11-04T00:00:00Z,9.5,21.3,0,,,E,48,17:48,14.5,62,0,NNE,20,1016.6,19.6,26,0,NW,24,1014.6,NO
2017-11-05T00:00:00Z,8.3,19.4,0,,,NE,48,16:35,12.9,59,8,ENE,11,1021.3,17.9,45,3,NE,26,1018.0,YES
2017-11-06T00:00:00Z,10.4,14.6,20.8,,,S,48,15:55,11.1,99,8,S,15,1007.8,12.2,86,8,W,20,1005.5,YES
2017-11-07T00:00:00Z,2.5,19.3,18.6,,,SSW,35,07:24,11.6,56,0,S,28,1015.8,18.9,37,7,SSW,11,1014.9,NO
2017-11-08T00:00:00Z,7.0,20.7,0,,,SE,31,04:23,10.9,49,0,S,15,1025.3,18.9,33,0,E,15,1023.2,NO
2017-11-09T00:00:00Z,3.1,25.5,0,,,,,,13.8,64,0,SE,6,1026.9,24.2,29,1,NW,15,1023.2,YES
2017-11-10T00:00:00Z,4.5,25.6,0.2,,,ENE,43,17:52,16.2,39,0,SW,6,1028.0,25.2,26,2,NNW,11,1023.7,YES
2017-11-11T00:00:00Z,11.1,24.1,0.2,,,SSW,43,14:01,15.5,70,1,NNW,4,1027.3,20.6,49,8,SSW,20,1022.8,YES
2017-11-12T00:00:00Z,13.0,23.5,0.2,,,ENE,35,19:20,15.5,65,8,NE,15,1025.1,22.1,42,8,NNE,13,1021.1,NO
2017-11-13T00:00:00Z,11.6,22.8,0,,,E,33,17:23,14.6,64,8,ENE,11,1023.8,20.1,52,8,W,19,1020.6,NO
2017-11-14T00:00:00Z,7.1,25.7,0,,,ENE,41,18:17,14.3,64,5,ENE,11,1022.9,24.8,39,2,NNE,13,1017.5,NO
2017-11-15T00:00:00Z,8.2,28.2,0,,,NW,33,13:37,17.1,62,0,SW,4,1019.0,26.8,26,0,NNW,17,1013.9,NO
2017-11-16T00:00:00Z,11.0,20.1,0,,,W,24,09:58,18.9,63,6, ,0,1014.6,18.5,72,8,WNW,11,1014.1,YES
2017-11-17T00:00:00Z,12.9,24.3,2.4,,,E,46,17:20,18.8,73,8,ENE,15,1017.0,20.2,65,8,NE,11,1015.1,YES
2017-11-18T00:00:00Z,14.5,19.0,1.8,,,E,50,17:38,16.1,78,8,E,17,1019.3,18.1,70,8,E,28,1019.2,YES
2017-11-19T00:00:00Z,12.5,24.4,0.4,,,ENE,39,16:57,17.7,51,0,E,22,1023.2,22.2,44,4,ENE,24,1022.0,NO
2017-11-20T00:00:00Z,8.4,25.5,0,,,ENE,35,16:26,16.8,60,6,SE,13,1025.9,24.2,35,0,E,13,1022.9,NO
2017-11-21T00:00:00Z,7.4,26.1,0,,,NNE,39,10:45,15.9,59,0,S,9,1024.4,24.8,27,0,ENE,19,1020.7,NO
2017-11-22T00:00:00Z,9.1,27.2,0,,,ENE,39,18:05,16.1,65,1,SW,6,1021.2,25.4,30,0,NW,13,1016.0,NO
2017-11-23T00:00:00Z,12.2,27.0,0,,,NNW,41,11:33,18.1,63,0,NNE,7,1017.0,21.1,47,6,SW,26,1013.7,YES
2017-11-24T00:00:00Z,8.9,29.8,0.8,,,SSE,70,13:52,17.5,66,5,WSW,4,1017.4,22.2,47,8,SE,24,1014.6,YES
2017-11-25T00:00:00Z,10.9,31.0,1.4,,,SSE,54,17:26,20.5,57,0,WSW,6,1018.7,28.9,21,1,ENE,13,1014.3,YES
2017-11-26T00:00:00Z,11.4,25.9,0.2,,,WNW,26,13:52,19.6,63,0,SSE,13,1016.8,20.9,63,8,SW,15,1015.0,YES
2017-11-27T00:00:00Z,16.1,26.6,7.6,,,ESE,57,18:07,19.5,79,8,SE,6,1015.0,23.3,53,1,WNW,9,1014.7,YES
2017-11-28T00:00:00Z,11.5,28.4,15.6,,,E,37,15:26,16.8,86,8,SSE,11,1020.7,26.9,37,3,ESE,17,1017.5,YES
2017-11-29T00:00:00Z,16.4,29.1,0.2,,,E,37,17:48,20.3,63,8,SSW,9,1021.0,27.7,31,0,SSE,11,1017.3,NO
2017-11-30T00:00:00Z,12.8,30.6,0,,,ENE,37,19:27,19.9,67,0,SW,6,1018.3,28.5,31,1,N,19,1013.8,NO
2017-12-01T00:00:00Z,15.0,30.6,0,,,NW,56,14:50,23.6,61,1,NW,20,1014.5,27.5,45,7,NW,30,1009.2,YES
2017-12-02T00:00:00Z,17.7,19.6,35.2,,,NNW,65,10:58,17.8,99,8,N,20,1004.6,16.0,88,8,NNW,28,1003.3,YES
2017-12-03T00:00:00Z,12.2,19.9,18.4,,,NW,48,15:13,13.8,85,8,NNW,24,1005.7,19.3,61,1,NW,31,1006.1,YES
2017-12-04T00:00:00Z,10.7,15.7,0.2,,,S,28,12:22,11.4,90,8,SSW,15,1011.2,12.4,87,8,SSE,17,1010.2,YES
2017-12-05T00:00:00Z,11.4,20.0,6.6,,,SE,46,13:04,15.5,70,8,SSE,22,1008.6,17.6,58,8,SE,28,1005.9,YES
2017-12-06T00:00:00Z,11.9,20.2,5.2,,,WNW,50,14:04,15.3,67,8,SSW,13,1002.7,17.8,63,8,WNW,28,1000.3,YES
2017-12-07T00:00:00Z,8.7,26.7,0.2,,,WNW,54,10:24,18.5,56,0,NW,7,1005.3,25.4,31,4,WNW,31,1003.9,YES
2017-12-08T00:00:00Z,12.0,22.5,6.2,,,W,48,23:48,16.0,68,6,W,15,1009.6,21.4,32,0,NW,17,1010.3,NO
2017-12-09T00:00:00Z,7.8,25.0,0,,,N,33,13:16,15.2,66,2,NNW,6,1018.7,23.8,36,1,N,20,1016.4,NO
2017-12-10T00:00:00Z,10.9,28.0,0,,,N,35,10:59,17.7,69,0,S,6,1021.8,26.8,37,0,N,17,1018.4,NO
2017-12-11T00:00:00Z,12.0,29.7,0,,,E,43,18:05,20.3,66,0,WSW,4,1019.7,28.8,31,0,NW,20,1015.4,NO
2017-12-12T00:00:00Z,16.4,30.6,0,,,N,46,14:09,20.6,61,0,E,7,1018.3,29.4,33,0,NNW,17,1013.9,NO
2017-12-13T00:00:00Z,12.5,32.7,0,,,WNW,41,14:27,21.2,67,0,ENE,6,1014.2,31.9,20,0,W,22,1010.2,NO
2017-12-14T00:00:00Z,13.6,32.9,0,,,NNW,56,12:41,25.8,46,4,NNW,9,1009.1,32.5,30,7,NW,20,1006.8,YES
2017-12-15T00:00:00Z,17.9,30.5,3.2,,,N,46,20:01,19.2,85,8,NE,7,1013.0,28.8,45,8,NNW,20,1009.8,NO
2017-12-16T00:00:00Z,14.1,32.6,0,,,NW,46,17:28,24.0,57,0,WNW,6,1014.2,31.1,31,8,W,19,1011.8,YES
2017-12-17T00:00:00Z,16.3,31.6,1.6,,,ENE,50,17:08,20.6,68,1,ENE,15,1017.0,30.1,42,1,NW,11,1013.3,YES
2017-12-18T00:00:00Z,16.4,32.6,0.2,,,WNW,39,12:40,20.5,75,1,NNE,7,1013.7,29.6,43,1,WNW,19,1009.2,NO
2017-12-19T00:00:00Z,18.0,34.3,0,,,N,43,11:51,25.2,47,7,S,7,1009.2,33.2,34,0,NW,22,1004.9,YES
2017-12-20T00:00:00Z,22.8,27.5,0.2,,,NW,52,08:47,26.3,51,8,WNW,17,1006.3,18.6,80,8,N,15,1010.5,YES
2017-12-21T00:00:00Z,9.4,26.7,1.6,,,,,,17.9,69,0,W,7,1017.6,24.5,44,8,N,13,1015.3,NO
2017-12-22T00:00:00Z,12.5,29.5,0,,,WNW,31,15:23,19.4,69,8,WSW,6,1016.4,27.4,32,8,W,15,1012.1,NO
2017-12-23T00:00:00Z,11.9,31.8,0,,,WNW,39,13:35,20.4,72,0,NNE,6,1012.6,30.1,16,1,NW,20,1009.0,NO
2017-12-24T00:00:00Z,13.2,34.8,0,,,ENE,57,18:12,20.6,47,7,SSE,9,1008.5,34.0,14,3,NW,31,1005.8,NO
2017-12-25T00:00:00Z,13.4,23.0,0,,,ESE,39,16:29,15.0,66,8,ESE,15,1015.5,21.9,47,6,ESE,22,1014.7,NO
2017-12-26T00:00:00Z,10.8,22.4,0,,,E,39,16:05,18.3,57,3,E,20,1018.7,21.8,48,8,E,24,1016.6,NO
2017-12-27T00:00:00Z,15.8,29.1,0,,,NE,33,19:15,18.9,68,8,N,7,1018.1,26.4,37,1,NNW,13,1013.9,NO
2017-12-28T00:00:00Z,12.9,32.4,0,,,NW,37,09:55,20.1,70,1,NW,7,1016.1,32.4,31,1,NNW,20,1013.1,NO
2017-12-29T00:00:00Z,18.3,33.4,0,,,NW,46,12:45,24.7,56,7,SW,9,1013.3,31.3,33,8,W,26,1008.8,YES
2017-12-30T00:00:00Z,18.6,28.3,16.4,,,WNW,50,12:57,22.8,70,6,NW,28,1005.0,27.8,33,0,WNW,30,1004.3,NO
2017-12-31T00:00:00Z,14.9,27.9,0,,,NNW,37,14:52,19.7,65,0,NE,19,1010.8,26.2,37,1,NNW,17,1007.4,NO
2018-01-01T00:00:00Z,11.6,30.2,0,,,E,43,17:55,19.2,72,0,E,9,1007.0,27.7,23,0,NNE,11,1003.7,NO
2018-01-02T00:00:00Z,12.4,30.2,0,,,NW,41,12:34,19.5,64,0,NE,7,1006.1,28.8,27,0,W,28,1002.4,NO
2018-01-03T00:00:00Z,13.6,26.9,0,,,E,41,15:22,18.4,65,0,ENE,13,1009.6,25.4,37,4,N,11,1008.8,NO
2018-01-04T00:00:00Z,10.7,29.7,0,,,NNW,30,16:46,16.3,72,8,SSE,6,1015.8,27.2,38,0,NNW,7,1012.3,NO
2018-01-05T00:00:00Z,11.1,34.0,0,,,WNW,39,15:32,21.2,46,0,SSE,7,1015.9,33.2,21,0,W,20,1012.5,NO
2018-01-06T00:00:00Z,14.1,37.2,0,,,NW,54,12:56,22.6,60,0,W,6,1016.2,35.8,19,0,W,30,1012.1,NO
2018-01-07T00:00:00Z,15.3,40.6,0,,,NW,52,14:10,28.6,37,0,WNW,4,1014.2,37.4,17,1,NNW,31,1010.6,NO
2018-01-08T00:00:00Z,22.6,32.8,0,,,NW,63,15:31,25.4,54,8,WNW,6,1013.9,31.8,35,5,WNW,19,1011.5,YES
2018-01-09T00:00:00Z,18.5,32.0,0.2,,,WNW,46,10:58,22.3,65,2,WNW,6,1012.4,30.9,36,3,NW,28,1009.4,YES
2018-01-10T00:00:00Z,15.6,26.0,5.0,,,E,37,18:11,17.0,80,8,ENE,15,1018.1,25.4,45,1,NNE,13,1015.7,NO
2018-01-11T00:00:00Z,15.1,32.0,0,,,WNW,35,13:30,18.8,64,8,SE,9,1017.0,29.5,43,7,NNW,17,1013.6,NO
2018-01-12T00:00:00Z,17.9,35.0,0,,,WNW,67,17:00,21.4,75,8,ESE,4,1012.1,32.3,35,8,N,26,1006.3,YES
2018-01-13T00:00:00Z,19.2,24.8,3.0,,,NW,56,08:46,21.5,79,8,NNW,31,1000.3,23.5,35,0,WNW,31,1001.1,YES
2018-01-14T00:00:00Z,9.1,20.4,4.6,,,S,46,01:04,14.0,55,3,SSE,24,1008.9,17.8,45,7,S,30,1011.4,NO
2018-01-15T00:00:00Z,8.3,26.0,0,,,S,56,15:50,13.4,59,8,S,26,1016.0,24.6,43,0,SSE,30,1013.7,NO
2018-01-16T00:00:00Z,10.9,25.4,0,,,SE,44,10:13,15.5,49,0,SE,9,1020.2,24.4,27,0,S,24,1017.1,NO
2018-01-17T00:00:00Z,7.2,30.3,0,,,SW,41,13:35,16.3,50,0,ESE,15,1019.1,27.3,12,0,W,13,1015.8,NO
2018-01-18T00:00:00Z,8.4,34.5,0,,,ENE,35,19:10,18.2,54,0,WSW,7,1019.1,32.1,18,0,NW,9,1015.0,NO
2018-01-19T00:00:00Z,11.0,38.6,0,,,ENE,43,17:20,22.6,29,0,SE,9,1016.9,37.5,10,0,S,13,1012.6,NO
2018-01-20T00:00:00Z,13.4,39.2,0,,,E,48,17:05,25.1,28,0,S,9,1015.5,38.0,8,0,ENE,26,1011.7,NO
2018-01-21T00:00:00Z,12.3,39.0,0,,,WNW,37,11:46,25.2,30,0,W,4,1013.2,37.3,8,0,NW,22,1008.9,NO
2018-01-22T00:00:00Z,14.9,32.9,0,,,NW,33,10:19,23.5,45,8, ,0,1010.3,32.0,21,8,WNW,9,1009.3,NO
2018-01-23T00:00:00Z,20.4,37.0,0,,,,,,24.9,46,7,SSW,7,1012.0,36.1,19,0,W,22,1008.6,YES
2018-01-24T00:00:00Z,18.5,26.2,7.4,,,E,41,01:38,21.4,80,7,W,11,1010.9,25.2,57,7,S,6,1011.3,YES
2018-01-25T00:00:00Z,17.8,31.7,0.8,,,WSW,46,13:00,21.8,70,3,SE,7,1012.2,30.3,36,4,SSW,20,1009.7,NO
2018-01-26T00:00:00Z,16.6,32.9,0,,,E,54,17:12,23.4,71,0,NW,6,1012.1,29.7,37,3,SW,24,1009.1,NO
2018-01-27T00:00:00Z,17.7,29.7,0,,,E,52,17:33,23.1,69,8,WSW,7,1013.8,28.5,42,8,W,15,1011.3,NO
2018-01-28T00:00:00Z,21.2,32.2,0,,,NE,39,17:03,24.2,67,8,ENE,13,1014.1,30.5,43,8,NE,15,1010.2,NO
2018-01-29T00:00:00Z,14.4,33.8,0,,,NNW,31,10:33,21.1,67,0,SSW,7,1013.6,33.2,24,0,WNW,17,1008.6,NO
2018-01-30T00:00:00Z,15.2,33.3,0,,,WNW,41,11:48,22.3,68,0,NNW,6,1007.3,30.8,33,8,WSW,24,1002.9,YES
2018-01-31T00:00:00Z,12.8,25.5,17.0,,,ESE,37,16:26,14.4,68,7,SSE,19,1008.3,22.9,32,0,SE,13,1006.2,NO
2018-02-01T00:00:00Z,6.9,22.2,0,,,SE,44,23:40,13.6,53,0,SSE,17,1014.4,20.5,36,6,ESE,19,1012.9,NO
2018-02-02T00:00:00Z,7.3,25.6,0,,,NE,41,17:00,15.2,64,1,SSW,9,1017.4,24.4,33,6,N,7,1014.3,NO
2018-02-03T00:00:00Z,10.4,24.8,0,,,ESE,41,15:36,16.7,58,3,SSE,15,1020.6,23.3,38,8,SE,19,1018.6,NO
2018-02-04T00:00:00Z,12.3,27.4,0,,,NNE,39,13:58,17.6,55,0,SE,11,1023.2,25.9,33,2,NNE,26,1019.3,NO
2018-02-05T00:00:00Z,9.9,30.8,0,,,ENE,37,18:27,17.3,70,0, ,0,1020.7,28.5,29,0,WNW,17,1016.1,NO
2018-02-06T00:00:00Z,12.0,28.2,0,,,E,39,19:25,16.1,59,7,S,6,1020.0,26.7,29,1,W,19,1017.4,NO
2018-02-07T00:00:00Z,12.6,32.5,0,,,NW,31,13:54,18.7,68,0,SSE,6,1020.7,30.2,25,8,NW,17,1017.0,NO
2018-02-08T00:00:00Z,14.2,35.4,0,,,NW,44,13:01,21.9,57,0,WNW,4,1018.5,34.3,22,4,NW,20,1013.7,NO
2018-02-09T00:00:00Z,20.1,36.0,0,,,SSE,41,13:33,25.9,43,1,NNE,6,1014.2,31.2,34,5,ESE,28,1011.0,YES
2018-02-10T00:00:00Z,12.1,34.5,2.0,,,SW,57,19:38,19.6,70,0,SE,7,1011.3,33.5,23,0,NW,24,1005.7,YES
2018-02-11T00:00:00Z,13.7,32.8,0.4,,,WNW,41,14:37,23.3,57,0,NE,9,1004.1,31.5,14,0,W,24,1001.8,NO
2018-02-12T00:00:00Z,14.4,30.0,0,,,NW,44,14:34,18.1,68,2,NE,11,1007.6,29.1,18,0,NW,28,1005.4,NO
2018-02-13T00:00:00Z,16.5,31.2,0,,,ENE,41,18:07,18.5,72,7,ENE,11,1012.2,28.1,30,1,N,9,1008.2,NO
2018-02-14T00:00:00Z,12.6,31.9,0,,,W,72,14:03,19.6,76,0,N,4,1008.1,31.0,15,0,W,48,1005.2,NO
2018-02-15T00:00:00Z,8.9,29.8,0,,,W,48,13:50,16.7,69,0,NNW,7,1014.0,29.1,9,0,WNW,33,1010.1,NO
2018-02-16T00:00:00Z,15.7,29.7,0,,,WNW,44,13:56,20.2,35,0,NW,15,1010.7,28.1,23,0,WNW,33,1008.8,NO
2018-02-17T00:00:00Z,12.3,32.0,0,,,NNW,37,13:10,18.7,66,0,NW,7,1014.1,29.4,20,0,NNW,15,1009.7,NO
2018-02-18T00:00:00Z,12.7,34.1,0,,,E,41,18:52,19.6,62,0,ESE,6,1012.4,32.4,14,0,NW,19,1009.1,NO
2018-02-19T00:00:00Z,18.0,26.5,0,,,SE,44,14:30,21.8,68,8,E,9,1012.9,21.9,57,7,SE,28,1012.4,NO
2018-02-20T00:00:00Z,13.6,21.7,0,,,SE,48,10:09,15.3,53,4,SE,28,1019.3,21.0,40,1,ESE,28,1017.5,NO
2018-02-21T00:00:00Z,9.0,25.8,0,,,E,30,19:39,15.2,59,8,E,7,1018.8,24.7,27,0,NNW,9,1014.7,NO
2018-02-22T00:00:00Z,14.0,27.8,0,,,ENE,31,17:39,16.9,70,2,NE,6,1016.3,26.2,20,6,SW,11,1013.6,NO
2018-02-23T00:00:00Z,14.2,32.5,0,,,NNW,35,13:26,18.4,69,8,ESE,7,1015.6,30.5,23,0,W,19,1011.2,NO
2018-02-24T00:00:00Z,15.9,35.1,0,,,W,76,18:54,26.4,44,1,NW,22,1009.7,32.7,33,3,NW,37,1004.6,YES
2018-02-25T00:00:00Z,17.1,17.1,19.6,,,SE,35,07:48,17.1,99,8,ESE,20,1005.1,15.7,84,8,SE,15,1008.2,YES
2018-02-26T00:00:00Z,11.5,21.7,64.4,,,E,48,14:27,13.5,89,8,S,9,1014.2,21.0,57,8,E,28,1013.8,NO
2018-02-27T00:00:00Z,10.6,25.5,0,,,NE,30,12:19,15.1,69,0,S,9,1018.3,24.3,44,0,N,11,1014.8,NO
2018-02-28T00:00:00Z,10.7,30.4,0,,,W,56,21:11,13.1,99,8,NE,4,1012.2,29.4,33,0,WNW,28,1007.5,NO
2018-03-01T00:00:00Z,12.7,27.1,0,,,S,35,10:31,18.0,61,0,SE,11,1011.4,25.9,33,0,SE,13,1010.6,NO
2018-03-02T00:00:00Z,14.9,25.0,0,,,ENE,30,19:43,17.3,66,5,SSE,11,1014.8,23.1,47,5,NNW,13,1011.7,NO
2018-03-03T00:00:00Z,13.9,30.9,0,,,WNW,37,15:34,18.4,76,1,N,6,1011.0,29.0,38,0,NW,11,1007.8,NO
2018-03-04T00:00:00Z,13.2,30.4,0,,,E,46,18:51,20.5,55,1,SSE,13,1012.3,27.9,45,1,NNE,19,1010.2,NO
2018-03-05T00:00:00Z,16.5,24.6,0,,,ENE,46,16:25,18.4,76,8,ENE,11,1014.7,23.0,56,2,NNE,20,1013.4,NO
2018-03-06T00:00:00Z,9.9,21.5,0,,,ESE,46,15:30,15.1,63,1,SSE,19,1023.6,18.9,57,7,ESE,31,1024.0,YES
2018-03-07T00:00:00Z,8.9,23.3,0.2,,,E,39,19:13,14.7,89,8,SE,9,1026.8,22.9,41,4,E,17,1024.9,NO
2018-03-08T00:00:00Z,7.6,25.5,0,,,ENE,37,17:47,12.6,73,0,SE,9,1026.6,24.0,38,0,E,13,1023.3,NO
2018-03-09T00:00:00Z,8.9,26.3,0,,,NE,31,16:16,14.1,76,0,SE,9,1028.1,25.0,39,0,NNE,13,1023.9,NO
2018-03-10T00:00:00Z,9.2,27.2,0,,,N,28,16:04,16.3,70,0,SE,2,1028.0,25.3,40,0,NW,9,1024.0,NO
2018-03-11T00:00:00Z,9.9,31.5,0,,,ENE,31,16:57,15.4,81,0,ESE,7,1024.2,30.3,23,0,NE,7,1019.2,NO
2018-03-12T00:00:00Z,10.7,29.8,0,,,E,44,16:46,17.8,63,0,WSW,6,1018.4,28.6,29,0,NW,11,1013.7,NO
2018-03-13T00:00:00Z,14.7,21.6,0,,,ENE,31,17:41,14.7,75,8,SSE,15,1019.8,20.0,61,1,NE,7,1018.7,NO
2018-03-14T00:00:00Z,14.4,26.9,0,,,NW,35,15:12,16.4,76,8,SSE,2,1020.3,24.8,47,0,N,15,1015.0,NO
2018-03-15T00:00:00Z,11.2,29.2,0,,,WNW,48,12:08,14.5,99,8,NE,6,1013.0,28.4,17,0,WNW,22,1010.7,NO
2018-03-16T00:00:00Z,14.0,27.1,0,,,NE,35,09:50,17.2,73,8,E,11,1017.7,25.1,41,0,N,13,1014.5,YES
2018-03-17T00:00:00Z,13.5,30.2,0.8,,,WNW,46,13:36,18.8,63,0,WNW,9,1016.3,29.7,32,0,W,26,1013.7,NO
2018-03-18T00:00:00Z,11.5,33.7,0,,,NW,81,11:38,19.5,56,0,S,4,1011.3,31.4,21,1,WNW,48,1007.4,NO
2018-03-19T00:00:00Z,5.8,27.3,0,,,NNW,50,14:49,13.9,55,0,S,7,1016.1,26.1,15,0,NNW,35,1014.2,NO
2018-03-20T00:00:00Z,5.2,25.2,0,,,ENE,44,15:58,14.4,47,0,ESE,9,1022.0,23.9,44,4,ESE,22,1021.3,NO
2018-03-21T00:00:00Z,12.7,19.8,0,,,E,46,12:27,14.9,67,8,SE,26,1029.1,16.6,58,8,ESE,31,1028.3,NO
2018-03-22T00:00:00Z,10.4,19.6,0,,,E,41,14:34,13.7,77,8,SSE,17,1028.6,16.7,81,8,ESE,19,1026.3,YES
2018-03-23T00:00:00Z,10.9,22.3,0.2,,,E,30,02:21,15.1,74,6,SSE,9,1025.1,20.6,55,8,E,17,1021.3,NO
2018-03-24T00:00:00Z,9.3,27.1,0,,,NW,41,18:12,15.3,83,2,SSE,2,1019.1,24.9,49,2,WNW,20,1014.3,NO
2018-03-25T00:00:00Z,11.2,25.0,0,,,NNW,46,09:17,21.8,54,7,NNW,31,1007.5,20.2,42,8,W,30,1005.8,YES
2018-03-26T00:00:00Z,10.8,17.6,6.0,,,NW,44,09:08,11.6,48,0,W,31,1007.5,17.1,34,0,WNW,30,1007.8,NO
2018-03-27T00:00:00Z,1.7,22.9,0,,,,,,7.0,77,0,SE,9,1018.0,21.3,29,1,NE,15,1015.5,NO
2018-03-28T00:00:00Z,7.0,28.3,0.0,,,,,,15.1,81,8,SSW,4,1017.2,25.3,24,5,N,15,1014.5,NO
2018-03-29T00:00:00Z,7.6,31.2,0,,,W,35,15:01,15.4,53,0,ESE,7,1017.6,30.7,21,5,WSW,17,1013.4,NO
2018-03-30T00:00:00Z,5.9,30.4,0,,,NNW,39,12:01,13.8,65,0,N,9,1014.5,29.8,9,0,WNW,26,1012.1,NO
2018-03-31T00:00:00Z,8.5,27.5,0,,,NE,28,18:01,14.4,84,0,SSE,6,1019.9,25.3,37,0,N,11,1015.9,NO
2018-04-01T00:00:00Z,9.1,29.1,0,,,,,,13.2,100,0,W,6,1016.9,27.4,23,1,WNW,26,1014.3,NO
2018-04-02T00:00:00Z,11.7,29.9,0,,,NNW,37,13:14,20.5,40,0, ,0,1016.5,29.3,19,2,WSW,20,1014.1,NO
2018-04-03T00:00:00Z,12.1,24.3,0,,,ENE,33,18:58,17.1,72,8,ENE,17,1023.2,23.2,44,0,NNW,13,1019.6,NO
2018-04-04T00:00:00Z,14.5,27.2,0,,,ENE,33,18:53,18.1,62,0,E,15,1022.5,26.6,30,0,NNW,7,1018.0,NO
2018-04-05T00:00:00Z,10.1,28.9,0,,,NNW,33,11:40,18.1,70,0,WNW,2,1018.8,27.8,32,0,WNW,19,1014.7,NO
2018-04-06T00:00:00Z,9.2,29.8,0,,,NW,48,12:46,19.4,55,0,NNW,2,1019.3,28.7,14,0,W,22,1016.2,NO
2018-04-07T00:00:00Z,13.5,29.1,0,,,WNW,52,13:42,18.9,74,2,N,7,1021.0,28.3,10,0,WNW,20,1017.4,NO
2018-04-08T00:00:00Z,5.9,29.8,0,,,NW,50,13:12,13.3,80,0,NNW,7,1021.9,29.6,17,0,W,28,1017.1,NO
2018-04-09T00:00:00Z,6.5,30.7,0,,,W,50,13:57,16.4,39,0,E,4,1020.0,30.0,18,1,WSW,24,1016.1,NO
2018-04-10T00:00:00Z,9.3,26.6,0,,,N,26,14:46,15.3,80,6,SW,6,1023.5,25.6,39,2,NW,9,1019.4,NO
2018-04-11T00:00:00Z,9.1,31.8,0,,,WNW,37,12:53,18.2,65,0,ESE,4,1022.7,30.3,24,0,NW,22,1018.5,NO
2018-04-12T00:00:00Z,10.2,30.3,0,,,NW,61,14:12,21.5,49,0,NNE,7,1018.8,30.0,24,0,NW,37,1012.9,NO
2018-04-13T00:00:00Z,17.2,28.3,0,,,NW,93,17:38,20.8,42,1,NW,28,1013.9,26.9,30,2,NNW,28,1009.4,YES
2018-04-14T00:00:00Z,13.9,20.2,12.0,,,NW,46,11:08,16.3,60,0,NNW,28,1005.5,18.8,45,8,NW,24,1000.5,YES
2018-04-15T00:00:00Z,9.7,18.2,2.4,,,NW,44,13:38,11.1,68,7,NW,22,1006.0,13.7,69,8,NW,30,1007.0,NO
2018-04-16T00:00:00Z,11.0,18.8,0,,,,,,17.2,66,8,NW,30,1013.0,17.6,63,1,NW,35,1012.7,NO
2018-04-17T00:00:00Z,7.1,23.0,0,,,,,,14.4,73,0,,0,1021.7,22.1,34,0,WNW,9,1019.9,NO
2018-04-18T00:00:00Z,8.5,21.9,0,,,NNW,19,15:03,12.8,75,8,SSW,7,1026.3,21.1,41,0,NNW,7,1021.1,NO
2018-04-19T00:00:00Z,5.2,24.2,0,,,NW,28,11:41,11.2,83,2, ,0,1022.3,23.0,47,0,NW,13,1018.2,NO
2018-04-20T00:00:00Z,6.8,25.3,0,,,E,33,17:11,15.0,67,0,S,9,1022.8,24.5,32,0,SSW,2,1019.1,NO
2018-04-21T00:00:00Z,6.0,23.6,0,,,E,35,18:14,14.0,79,0,S,9,1024.7,22.6,42,0,NNE,13,1020.5,NO
2018-04-22T00:00:00Z,10.8,19.5,0,,,NNE,17,06:38,14.5,76,1,NE,6,1024.5,18.2,64,8,SW,9,1021.5,YES
2018-04-23T00:00:00Z,5.4,24.2,0.2,,,W,19,13:51,12.9,76,0, ,0,1022.4,23.3,32,0,WSW,9,1018.9,NO
2018-04-24T00:00:00Z,4.4,26.0,0,,,,,,13.2,71,0,ESE,4,1021.4,25.6,32,0,NNW,13,1016.6,NO
2018-04-25T00:00:00Z,5.6,27.0,0,,,ENE,26,17:29,16.4,57,0,WNW,6,1018.3,25.7,24,0,NW,9,1013.6,NO
2018-04-26T00:00:00Z,7.1,23.7,0,,,E,43,18:14,13.7,78,0,NNW,7,1017.3,23.0,24,0,NNE,11,1014.8,NO
2018-04-27T00:00:00Z,10.3,19.7,0,,,ENE,35,16:29,14.5,60,4,SSE,13,1024.3,18.6,39,0,E,15,1022.9,NO
2018-04-28T00:00:00Z,4.5,20.0,0,,,E,33,11:59,12.3,61,0,E,6,1027.8,18.6,46,6,E,20,1023.9,NO
2018-04-29T00:00:00Z,2.9,19.3,0,,,SW,35,15:49,11.5,74,8,SSE,7,1027.0,14.2,66,8,SSE,20,1024.2,YES
2018-04-30T00:00:00Z,2.9,19.8,5.0,,,SE,19,03:48,10.4,72,0,SSE,2,1028.2,19.4,28,0,WNW,7,1025.4,NO
2018-05-01T00:00:00Z,0.7,22.9,0,,,N,17,13:46,9.7,61,0,ESE,9,1028.4,22.7,24,0,NNW,9,1024.8,NO
2018-05-02T00:00:00Z,5.0,20.2,0,,,NNW,31,13:55,9.7,75,8, ,0,1023.6,19.8,43,3,NNW,26,1020.0,NO
2018-05-03T00:00:00Z,4.3,24.5,0,,,NW,41,13:23,11.6,76,0, ,0,1021.4,23.7,31,1,NNW,31,1016.1,YES
2018-05-04T00:00:00Z,11.6,16.5,6.0,,,NW,72,11:41,12.8,95,8,NNW,31,1013.0,13.2,58,8,NW,35,1016.8,YES
2018-05-05T00:00:00Z,2.6,19.1,2.0,,,NW,33,01:18,9.4,67,0,SSW,2,1029.1,18.6,42,0,N,11,1027.1,NO
2018-05-06T00:00:00Z,-0.1,19.8,0,,,WNW,22,14:02,8.6,71,0,SE,6,1033.5,19.1,29,0,NNW,11,1029.3,NO
2018-05-07T00:00:00Z,0.0,19.9,0,,,NW,48,15:41,6.0,88,0,N,2,1026.9,19.5,33,0,NW,31,1020.4,NO
2018-05-08T00:00:00Z,6.0,22.6,0,,,NW,31,14:20,10.3,83,8,SSE,6,1023.7,20.3,39,8,NNW,24,1021.9,NO
2018-05-09T00:00:00Z,2.5,20.8,0,,,NNW,43,13:17,9.7,85,0, ,0,1022.9,19.4,28,0,NW,24,1017.8,NO
2018-05-10T00:00:00Z,2.4,15.6,0,,,NW,52,11:16,12.9,60,0,NNW,26,1011.1,9.1,79,4,NNW,26,1008.4,YES
2018-05-11T00:00:00Z,2.4,12.3,3.6,,,WNW,48,10:43,4.8,82,5,NNW,24,1009.0,7.0,72,8,NW,28,1008.3,YES
2018-05-12T00:00:00Z,4.6,13.0,0.2,,,SSW,63,11:06,11.4,69,8,S,13,1012.1,11.5,75,6,SSW,17,1015.4,YES
2018-05-13T00:00:00Z,8.6,17.0,0.2,,,SSW,57,05:47,11.7,58,0,S,43,1023.2,15.9,40,1,S,33,1023.0,NO
2018-05-14T00:00:00Z,1.2,17.7,0,,,S,30,02:29,9.0,70,0,SSE,15,1028.8,17.3,30,0,WNW,6,1024.7,NO
2018-05-15T00:00:00Z,-1.9,15.5,0,,,N,20,13:13,4.3,91,0,NNW,6,1025.1,14.6,49,0,NNW,6,1022.0,NO
2018-05-16T00:00:00Z,-1.3,15.3,0,,,SSW,35,11:42,7.7,69,0,SE,13,1028.8,14.7,38,0,WNW,11,1026.2,NO
2018-05-17T00:00:00Z,-2.1,15.7,0,,,N,33,15:03,5.0,80,0,NNW,2,1027.5,14.7,48,0,NNW,22,1022.9,NO
2018-05-18T00:00:00Z,-1.8,18.1,0,,,WNW,39,16:21,5.1,84,0, ,0,1023.8,16.7,46,0,N,13,1020.4,NO
2018-05-19T00:00:00Z,1.7,15.2,0,,,N,37,15:59,4.0,98,7,SE,6,1025.4,14.5,52,1,NNW,24,1020.9,NO
2018-05-20T00:00:00Z,-1.1,17.0,0,,,WNW,39,14:19,5.4,92,8, ,0,1022.0,14.9,41,0,NW,28,1018.5,NO
2018-05-21T00:00:00Z,5.4,16.9,0,,,WNW,44,10:35,13.8,53,5,NW,22,1020.6,15.7,43,0,WNW,28,1018.8,NO
2018-05-22T00:00:00Z,6.8,20.3,0,,,WSW,43,14:59,10.6,71,0,NNW,19,1021.7,18.7,41,0,WSW,28,1019.8,NO
2018-05-23T00:00:00Z,2.2,16.8,0,,,NNW,22,12:24,6.6,99,8,E,7,1027.7,15.6,64,0,NW,9,1023.7,NO
2018-05-24T00:00:00Z,2.0,16.9,0,,,WNW,17,14:09,6.9,99,8,NE,2,1026.8,16.2,54,0,W,7,1023.0,NO
2018-05-25T00:00:00Z,2.1,16.5,0,,,NE,26,13:16,8.2,79,8, ,0,1030.4,15.9,45,0,ENE,11,1027.7,NO
2018-05-26T00:00:00Z,0.7,17.2,0,,,NW,15,23:55,6.3,93,8,ESE,9,1031.1,15.8,54,0,WSW,4,1027.8,NO
2018-05-27T00:00:00Z,-2.4,17.3,0,,,WNW,19,14:21,5.8,87,0, ,0,1030.1,16.4,43,1,NW,13,1026.5,NO
2018-05-28T00:00:00Z,2.9,17.7,0,,,N,30,13:50,7.4,81,4,SW,6,1026.4,16.5,46,7,N,15,1022.6,NO
2018-05-29T00:00:00Z,-0.1,17.1,0,,,NW,37,10:47,6.3,85,1,SSW,2,1020.7,12.8,82,8,N,24,1017.6,YES
2018-05-30T00:00:00Z,1.0,13.4,3.0,,,SSW,35,11:37,5.0,99,8,NNW,2,1020.9,12.6,51,6,WNW,13,1019.5,NO
2018-05-31T00:00:00Z,3.3,13.3,0,,,SSW,54,13:28,7.6,80,3,NNW,2,1022.5,12.4,40,0,S,22,1022.8,NO
2018-06-01T00:00:00Z,3.3,12.6,0,,,S,46,23:18,7.2,66,7,S,28,1027.0,11.3,52,8,S,22,1025.8,NO
2018-06-02T00:00:00Z,2.4,13.3,0,,,SSE,59,08:59,10.0,66,1,SSE,37,1023.4,11.4,62,8,S,31,1022.6,NO
2018-06-03T00:00:00Z,5.3,14.3,0,,,SSE,28,00:53,9.6,74,8,SSE,15,1024.3,13.6,57,8,SE,7,1021.8,NO
2018-06-04T00:00:00Z,4.2,14.9,0,,,W,24,16:05,9.2,82,8,SSE,9,1022.6,14.1,56,8, ,0.0,1020.9,YES
2018-06-05T00:00:00Z,2.6,13.0,1.4,,,ESE,35,14:45,8.2,77,0,SSE,15,1028.7,11.4,71,8,ESE,26,1028.3,NO
2018-06-06T00:00:00Z,4.8,15.9,0,,,E,35,13:07,9.9,89,6,SE,11,1032.8,13.9,64,8,E,17,1031.2,NO
2018-06-07T00:00:00Z,2.2,16.6,0,,,NNE,26,12:11,7.7,99,7, ,0,1033.7,15.5,54,8,NNW,11,1028.5,NO
2018-06-08T00:00:00Z,3.6,13.0,0,,,NW,43,09:12,11.8,71,8,NNW,24,1025.2,11.3,80,8,NW,17,1022.4,YES
2018-06-09T00:00:00Z,8.6,13.2,4.4,,,NNW,22,00:37,9.1,99,8,NNE,7,1023.9,12.3,72,2,W,7,1022.6,YES
2018-06-10T00:00:00Z,3.4,15.1,1.4,,,SE,30,15:49,7.9,81,0,SE,9,1028.6,14.4,47,0,ESE,17,1026.3,NO
2018-06-11T00:00:00Z,0.8,14.4,0,,,ENE,22,18:01,6.8,89,0,N,6,1026.6,13.2,44,2,E,7,1021.7,YES
2018-06-12T00:00:00Z,0.3,10.9,2.2,,,NNW,33,13:57,5.1,99,8,ENE,4,1014.2,10.2,85,8,NNW,17,1009.8,YES
2018-06-13T00:00:00Z,5.0,14.1,1.4,,,WNW,39,13:01,9.2,90,1,NW,20,1012.1,11.4,56,8,WNW,20,1010.9,NO
2018-06-14T00:00:00Z,6.0,,0,,,,,,9.7,69,2,NNW,17,1015.3,11.0,51,1,W,30,1014.8,NO
