Date,Minimum temperature (C),Maximum temperature (C),Rainfall (mm),Temperature (C) 9am,Relative humidity (%) 9am,Cloud amount (oktas) 9am,Wind direction 9am,Wind speed (km/h) 9am,MSL pressure (hPa) 9am,Temperature (C) 3pm,Relative humidity (%) 3pm,Cloud amount (oktas) 3pm,Wind direction 3pm,Wind speed (km/h) 3pm,MSL pressure (hPa) 3pm,Season,Temperature delta,Relative humidity delta,Cloud amount delta,Wind speed delta,MSL pressure delta,Temperature range,IGNORE Rainfall Tomorrow (mm),TARGET Rain Tomorrow,IGNORE Rain Tomorrow Intensity,TARGET Moderate UP,WEIGHT Rain Tomorrow,WEIGHT Moderate UP
2017-05-1,1.5,19.9,0.0,8.5,90,2.0,CALM,0,1018.4,18.6,52.0,2.0,NW,24,1015.5,AUTUMN,-10.1,38.0,0.0,-24,2.9,18.4,0.0,False,NONE,False,0.0009136951881345652,0.0003015371981420176
2017-05-2,5.2,16.0,0.0,10.9,80,4.0,CALM,0,1018.7,14.7,65.0,8.0,NW,24,1017.8,AUTUMN,-3.8,15.0,-4.0,-24,0.9,10.8,0.0,False,NONE,False,0.0009136951881345652,0.0003015371981420176
2017-05-3,0.6,16.7,0.0,8.0,62,0.0,SSE,20,1029.3,14.3,43.0,7.0,ENE,13,1027.6,AUTUMN,-6.3,19.0,-7.0,7,1.7,16.1,0.0,False,NONE,False,0.0009136951881345652,0.0003015371981420176
2017-05-4,-0.1,17.6,0.0,7.9,73,0.0,SSE,6,1032.8,16.2,46.0,3.0,NNE,11,1029.3,AUTUMN,-8.3,27.0,-3.0,-5,3.5,17.7,0.0,False,NONE,False,0.0009136951881345652,0.0003015371981420176
2017-05-5,2.3,19.1,0.0,9.4,92,6.0,CALM,0,1032.0,17.6,51.0,2.0,NNW,19,1027.7,AUTUMN,-8.2,41.0,4.0,-19,4.3,16.8,0.2,True,LIGHT,False,0.006234054810303679,0.0003015371981420176
2017-05-6,1.8,17.3,0.2,7.9,98,7.0,SSW,7,1025.5,16.8,70.0,5.0,NW,26,1021.6,AUTUMN,-8.9,28.0,2.0,-19,3.9,15.5,0.0,False,NONE,False,0.0009136951881345652,0.0003015371981420176
2017-05-7,4.2,15.2,0.0,10.4,45,0.0,WNW,17,1025.5,14.2,46.0,0.0,N,20,1024.3,AUTUMN,-3.8,-1.0,0.0,-3,1.2,11.0,0.0,False,NONE,False,0.0009136951881345652,0.0003015371981420176
2017-05-8,-4.4,15.2,0.0,7.6,64,0.0,SSE,6,1029.4,13.7,45.0,4.0,ESE,13,1026.3,AUTUMN,-6.1,19.0,-4.0,-7,3.1,19.6,0.0,False,NONE,False,0.0009136951881345652,0.0003015371981420176
2017-05-9,-1.0,17.7,0.0,9.2,68,0.0,ESE,6,1028.5,16.9,33.0,0.0,SE,6,1024.4,AUTUMN,-7.7,35.0,0.0,0,4.1,18.7,0.0,False,NONE,False,0.0009136951881345652,0.0003015371981420176
2017-05-10,-2.0,18.5,0.0,7.1,81,0.0,ESE,6,1026.8,17.2,39.0,0.0,NW,4,1022.8,AUTUMN,-10.1,42.0,0.0,2,4.0,20.5,0.0,False,NONE,False,0.0009136951881345652,0.0003015371981420176
2017-05-11,-1.7,18.8,0.0,6.8,76,0.0,CALM,0,1026.2,17.3,37.0,0.0,WNW,9,1023.7,AUTUMN,-10.5,39.0,0.0,-9,2.5,20.5,0.0,False,NONE,False,0.0009136951881345652,0.0003015371981420176
2017-05-12,-0.6,16.2,0.0,5.8,91,8.0,SSE,9,1029.1,15.8,52.0,8.0,W,7,1024.8,AUTUMN,-10.0,39.0,0.0,2,4.3,16.8,0.0,False,NONE,False,0.0009136951881345652,0.0003015371981420176
2017-05-13,3.4,18.9,0.0,9.2,85,1.0,CALM,0,1025.5,18.6,38.0,0.0,NNE,9,1022.1,AUTUMN,-9.4,47.0,1.0,-9,3.4,15.5,0.0,False,NONE,False,0.0009136951881345652,0.0003015371981420176
2017-05-14,7.0,15.9,0.0,12.7,81,8.0,SE,11,1023.8,13.3,82.0,8.0,SE,11,1020.7,AUTUMN,-0.6,-1.0,0.0,0,3.1,8.9,0.6,True,LIGHT,False,0.006234054810303679,0.0003015371981420176
2017-05-15,3.3,17.1,0.6,7.4,99,1.0,CALM,0,1019.9,16.5,45.0,0.0,S,22,1016.3,AUTUMN,-9.1,54.0,1.0,-22,3.6,13.8,0.0,False,NONE,False,0.0009136951881345652,0.0003015371981420176
2017-05-16,0.3,16.8,0.0,7.9,77,0.0,N,4,1019.6,16.4,48.0,0.0,W,9,1017.3,AUTUMN,-8.5,29.0,0.0,-5,2.3,16.5,0.0,False,NONE,False,0.0009136951881345652,0.0003015371981420176
2017-05-17,-1.0,16.8,0.0,4.7,96,0.0,N,7,1023.9,16.1,49.0,0.0,WSW,9,1021.4,AUTUMN,-11.4,47.0,0.0,-2,2.5,17.8,0.0,False,NONE,False,0.0009136951881345652,0.0003015371981420176
2017-05-18,4.6,19.1,0.0,11.4,79,1.0,CALM,0,1027.7,18.3,51.0,0.0,ENE,19,1024.7,AUTUMN,-6.9,28.0,1.0,-19,3.0,14.5,0.0,False,NONE,False,0.0009136951881345652,0.0003015371981420176
2017-05-19,9.8,15.9,0.0,13.9,78,7.0,E,13,1026.0,14.6,87.0,8.0,E,9,1021.3,AUTUMN,-0.7,-9.0,-1.0,4,4.7,6.1,31.2,True,HEAVY,True,0.006234054810303679,0.018889960899812114
2017-05-20,8.8,17.8,31.2,11.3,93,5.0,N,4,1019.8,16.3,63.0,1.0,NW,17,1017.2,AUTUMN,-5.0,30.0,4.0,-13,2.6,9.0,0.2,True,LIGHT,False,0.006234054810303679,0.0003015371981420176
2017-05-21,0.7,17.2,0.2,5.6,99,4.0,CALM,0,1023.2,16.3,48.0,0.0,N,11,1020.9,AUTUMN,-10.7,51.0,4.0,-11,2.3,16.5,0.0,False,NONE,False,0.0009136951881345652,0.0003015371981420176
2017-05-22,0.2,18.1,0.0,7.3,87,0.0,SSE,6,1026.1,17.6,44.0,0.0,WSW,11,1022.1,AUTUMN,-10.3,43.0,0.0,-5,4.0,17.9,0.0,False,NONE,False,0.0009136951881345652,0.0003015371981420176
2017-05-23,1.1,17.6,0.0,5.6,99,8.0,CALM,0,1023.4,16.2,63.0,0.0,N,26,1018.1,AUTUMN,-10.6,36.0,8.0,-26,5.3,16.5,1.8,True,LIGHT,False,0.006234054810303679,0.0003015371981420176
2017-05-24,5.5,15.9,1.8,12.6,84,0.0,NNW,19,1015.8,14.3,55.0,0.0,WNW,30,1015.0,AUTUMN,-1.7,29.0,0.0,-11,0.8,10.4,0.0,False,NONE,False,0.0009136951881345652,0.0003015371981420176
2017-05-25,0.8,12.5,0.0,4.4,99,8.0,SE,9,1022.6,11.5,77.0,0.0,WSW,13,1020.0,AUTUMN,-7.1,22.0,8.0,-4,2.6,11.7,0.0,False,NONE,False,0.0009136951881345652,0.0003015371981420176
2017-05-26,0.4,16.0,0.0,4.5,99,8.0,ENE,4,1023.9,15.7,47.0,0.0,NNW,11,1021.0,AUTUMN,-11.2,52.0,8.0,-7,2.9,15.6,0.0,False,NONE,False,0.0009136951881345652,0.0003015371981420176
2017-05-27,0.7,16.0,0.0,8.4,98,7.0,CALM,0,1022.6,15.2,59.0,0.0,NW,15,1017.9,AUTUMN,-6.8,39.0,7.0,-15,4.7,15.3,0.2,True,LIGHT,False,0.006234054810303679,0.0003015371981420176
2017-05-28,0.0,14.3,0.2,10.7,80,7.0,NNW,26,1011.6,12.3,65.0,6.0,NW,33,1009.0,AUTUMN,-1.6,15.0,1.0,-7,2.6,14.3,0.0,False,NONE,False,0.0009136951881345652,0.0003015371981420176
2017-05-29,3.3,11.7,0.0,7.0,64,0.0,NW,22,1018.0,10.4,50.0,0.0,WNW,24,1019.0,AUTUMN,-3.4,14.0,0.0,-2,-1.0,8.4,0.0,False,NONE,False,0.0009136951881345652,0.0003015371981420176
2017-05-30,-4.5,12.6,0.0,2.0,87,0.0,E,7,1023.1,10.9,63.0,1.0,NW,31,1021.4,AUTUMN,-8.9,24.0,-1.0,-24,1.7,17.1,0.0,False,NONE,False,0.0009136951881345652,0.0003015371981420176
2017-05-31,-0.7,11.0,0.0,6.3,59,0.0,S,17,1028.2,10.1,44.0,0.0,S,33,1027.9,AUTUMN,-3.8,15.0,0.0,-16,0.3,11.7,0.0,False,NONE,False,0.0009136951881345652,0.0003015371981420176
2017-06-1,-4.2,13.0,0.0,5.4,70,0.0,N,6,1034.9,12.4,39.0,0.0,NW,9,1033.0,WINTER,-7.0,31.0,0.0,-3,1.9,17.2,0.0,False,NONE,False,0.0009136951881345652,0.0003015371981420176
2017-06-2,-5.1,12.9,0.0,2.7,86,0.0,CALM,0,1035.9,12.0,48.0,0.0,SSE,17,1033.1,WINTER,-9.3,38.0,0.0,-17,2.8,18.0,0.0,False,NONE,False,0.0009136951881345652,0.0003015371981420176
2017-06-3,-4.2,15.4,0.0,5.4,82,0.0,CALM,0,1033.9,14.5,51.0,1.0,NNW,13,1030.6,WINTER,-9.1,31.0,-1.0,-13,3.3,19.6,0.2,True,LIGHT,False,0.006234054810303679,0.0003015371981420176
2017-06-4,-3.3,13.9,0.2,1.2,99,8.0,N,4,1030.1,13.3,50.0,0.0,NW,13,1025.6,WINTER,-12.1,49.0,8.0,-9,4.5,17.2,0.0,False,NONE,False,0.0009136951881345652,0.0003015371981420176
2017-06-5,-3.8,12.7,0.0,1.4,96,0.0,CALM,0,1026.8,12.5,55.0,0.0,NNW,15,1022.8,WINTER,-11.1,41.0,0.0,-15,4.0,16.5,0.2,True,LIGHT,False,0.006234054810303679,0.0003015371981420176
2017-06-6,-3.2,12.8,0.2,5.6,84,8.0,S,7,1021.6,10.1,54.0,8.0,S,22,1020.8,WINTER,-4.5,30.0,0.0,-15,0.8,16.0,0.0,False,NONE,False,0.0009136951881345652,0.0003015371981420176
2017-06-7,5.6,12.6,0.0,8.3,68,0.0,S,31,1026.0,12.2,60.0,8.0,S,35,1025.6,WINTER,-3.9,8.0,-8.0,-4,0.4,7.0,0.0,False,NONE,False,0.0009136951881345652,0.0003015371981420176
2017-06-8,5.7,17.2,0.0,10.2,78,6.0,SSE,9,1028.3,16.4,51.0,0.0,NW,11,1025.4,WINTER,-6.2,27.0,6.0,-2,2.9,11.5,0.4,True,LIGHT,False,0.006234054810303679,0.0003015371981420176
2017-06-9,5.5,13.5,0.4,9.9,85,1.0,ESE,6,1029.8,12.0,68.0,8.0,SE,17,1030.2,WINTER,-2.1,17.0,-7.0,-11,-0.4,8.0,0.0,False,NONE,False,0.0009136951881345652,0.0003015371981420176
2017-06-10,5.1,14.1,0.0,10.2,77,1.0,SSE,13,1035.0,12.9,64.0,7.0,SE,7,1032.9,WINTER,-2.7,13.0,-6.0,6,2.1,9.0,0.0,False,NONE,False,0.0009136951881345652,0.0003015371981420176
2017-06-11,-0.1,16.0,0.0,4.4,99,8.0,SSE,7,1031.8,15.3,63.0,0.0,WSW,7,1026.8,WINTER,-10.9,36.0,8.0,0,5.0,16.1,0.2,True,LIGHT,False,0.006234054810303679,0.0003015371981420176
2017-06-12,-1.7,15.2,0.2,4.2,99,8.0,CALM,0,1028.4,14.3,57.0,1.0,W,7,1025.5,WINTER,-10.1,42.0,7.0,-7,2.9,16.9,0.0,False,NONE,False,0.0009136951881345652,0.0003015371981420176
2017-06-13,-3.0,15.7,0.0,3.6,88,0.0,NNW,2,1032.6,15.3,53.0,0.0,WSW,6,1030.5,WINTER,-11.7,35.0,0.0,-4,2.1,18.7,0.2,True,LIGHT,False,0.006234054810303679,0.0003015371981420176
2017-06-14,-3.1,15.3,0.2,2.2,99,8.0,SSE,6,1033.9,14.8,57.0,0.0,NNW,15,1029.9,WINTER,-12.6,42.0,8.0,-9,4.0,18.4,0.2,True,LIGHT,False,0.006234054810303679,0.0003015371981420176
2017-06-15,-2.8,9.9,0.2,2.5,99,8.0,WSW,7,1029.9,9.5,71.0,8.0,SW,9,1027.0,WINTER,-7.0,28.0,0.0,-2,2.9,12.7,0.2,True,LIGHT,False,0.006234054810303679,0.0003015371981420176
2017-06-16,-2.0,11.5,0.2,3.0,99,8.0,SSW,6,1027.9,11.2,70.0,8.0,W,7,1025.2,WINTER,-8.2,29.0,0.0,-1,2.7,13.5,0.0,False,NONE,False,0.0009136951881345652,0.0003015371981420176
2017-06-17,2.9,13.0,0.0,9.2,89,8.0,SE,7,1026.2,12.8,71.0,8.0,SSW,6,1023.8,WINTER,-3.6,18.0,0.0,1,2.4,10.1,0.0,False,NONE,False,0.0009136951881345652,0.0003015371981420176
2017-06-18,0.8,15.0,0.0,7.3,80,0.0,ESE,9,1029.6,14.7,41.0,0.0,SSW,13,1028.3,WINTER,-7.4,39.0,0.0,-4,1.3,14.2,0.0,False,NONE,False,0.0009136951881345652,0.0003015371981420176
2017-06-19,-3.6,15.7,0.0,2.2,96,0.0,CALM,0,1033.7,15.5,44.0,0.0,NW,7,1030.1,WINTER,-13.3,52.0,0.0,-7,3.6,19.3,0.0,False,NONE,False,0.0009136951881345652,0.0003015371981420176
2017-06-20,-2.9,13.3,0.0,3.3,99,7.0,SSE,6,1031.3,12.9,69.0,0.0,WSW,11,1026.6,WINTER,-9.6,30.0,7.0,-5,4.7,16.2,0.2,True,LIGHT,False,0.006234054810303679,0.0003015371981420176
2017-06-21,-2.4,14.7,0.2,0.1,99,2.0,S,6,1029.2,14.5,50.0,0.0,SW,11,1026.5,WINTER,-14.4,49.0,2.0,-5,2.7,17.1,0.0,False,NONE,False,0.0009136951881345652,0.0003015371981420176
2017-06-22,-0.4,13.9,0.0,4.0,99,7.0,NNW,2,1029.9,13.3,56.0,0.0,NNW,22,1025.6,WINTER,-9.3,43.0,7.0,-20,4.3,14.3,0.4,True,LIGHT,False,0.006234054810303679,0.0003015371981420176
2017-06-23,-2.9,13.3,0.4,0.1,99,8.0,N,7,1022.2,12.4,54.0,0.0,NNW,22,1016.6,WINTER,-12.3,45.0,8.0,-15,5.6,16.2,0.0,False,NONE,False,0.0009136951881345652,0.0003015371981420176
2017-06-24,0.1,14.4,0.0,9.1,68,0.0,N,20,1017.5,13.0,45.0,0.0,NW,28,1016.2,WINTER,-3.9,23.0,0.0,-8,1.3,14.3,0.0,False,NONE,False,0.0009136951881345652,0.0003015371981420176
2017-06-25,-4.3,14.5,0.0,2.3,81,0.0,SE,9,1018.9,12.0,49.0,0.0,WNW,28,1016.5,WINTER,-9.7,32.0,0.0,-19,2.4,18.8,0.0,False,NONE,False,0.0009136951881345652,0.0003015371981420176
2017-06-26,-3.2,13.8,0.0,4.8,90,1.0,SE,9,1023.2,12.8,50.0,1.0,N,13,1022.5,WINTER,-8.0,40.0,0.0,-4,0.7,17.0,0.0,False,NONE,False,0.0009136951881345652,0.0003015371981420176
2017-06-27,-4.1,11.3,0.0,2.3,94,0.0,CALM,0,1028.0,10.5,62.0,8.0,NNW,9,1024.5,WINTER,-8.2,32.0,-8.0,-9,3.5,15.4,0.0,False,NONE,False,0.0009136951881345652,0.0003015371981420176
2017-06-28,2.1,12.4,0.0,5.8,97,7.0,S,2,1024.1,11.7,59.0,5.0,NNW,20,1021.8,WINTER,-5.9,38.0,2.0,-18,2.3,10.3,0.2,True,LIGHT,False,0.006234054810303679,0.0003015371981420176
2017-06-29,-4.1,10.6,0.2,-0.3,99,8.0,N,7,1023.7,9.8,65.0,1.0,WNW,15,1020.2,WINTER,-10.1,34.0,7.0,-8,3.5,14.7,0.0,False,NONE,False,0.0009136951881345652,0.0003015371981420176
2017-06-30,-4.3,11.5,0.0,1.8,89,0.0,CALM,0,1027.0,10.6,35.0,0.0,W,15,1026.0,WINTER,-8.8,54.0,0.0,-15,1.0,15.8,0.0,False,NONE,False,0.0009136951881345652,0.0003015371981420176
2017-07-1,-8.7,12.1,0.0,-0.5,81,0.0,N,2,1032.3,11.7,37.0,0.0,N,6,1029.1,WINTER,-12.2,44.0,0.0,-4,3.2,20.8,0.0,False,NONE,False,0.0009136951881345652,0.0003015371981420176
2017-07-2,-8.2,13.8,0.0,-0.3,87,0.0,WNW,6,1029.1,13.5,26.0,0.0,NNW,11,1024.0,WINTER,-13.8,61.0,0.0,-5,5.1,22.0,0.0,False,NONE,False,0.0009136951881345652,0.0003015371981420176
2017-07-3,-7.1,10.6,0.0,-1.1,81,8.0,NNW,9,1021.8,8.9,64.0,8.0,SW,7,1015.3,WINTER,-10.0,17.0,0.0,2,6.5,17.7,0.0,False,NONE,False,0.0009136951881345652,0.0003015371981420176
2017-07-4,-1.1,13.9,0.0,9.1,63,0.0,NNW,30,1013.9,10.7,67.0,5.0,NW,33,1012.3,WINTER,-1.6,-4.0,-5.0,-3,1.6,15.0,0.0,False,NONE,False,0.0009136951881345652,0.0003015371981420176
2017-07-5,6.6,13.3,0.0,8.9,82,2.0,NNW,31,1014.4,9.8,77.0,6.0,WNW,17,1012.4,WINTER,-0.9,5.0,-4.0,14,2.0,6.7,1.6,True,LIGHT,False,0.006234054810303679,0.0003015371981420176
2017-07-6,-2.3,12.7,1.6,4.9,91,0.0,SE,7,1019.0,11.8,45.0,0.0,WNW,24,1015.6,WINTER,-6.9,46.0,0.0,-17,3.4,15.0,0.6,True,LIGHT,False,0.006234054810303679,0.0003015371981420176
2017-07-7,-2.6,12.3,0.6,2.1,99,8.0,CALM,0,1013.7,11.0,46.0,7.0,WNW,26,1011.0,WINTER,-8.9,53.0,1.0,-26,2.7,14.9,0.0,False,NONE,False,0.0009136951881345652,0.0003015371981420176
2017-07-8,-5.1,11.8,0.0,2.3,99,0.0,SW,6,1016.9,10.4,66.0,7.0,NW,19,1016.1,WINTER,-8.1,33.0,-7.0,-13,0.8,16.9,0.2,True,LIGHT,False,0.006234054810303679,0.0003015371981420176
2017-07-9,2.3,11.6,0.2,6.6,83,8.0,NNW,19,1021.5,9.3,66.0,8.0,WNW,22,1019.8,WINTER,-2.7,17.0,0.0,-3,1.7,9.3,0.0,False,NONE,False,0.0009136951881345652,0.0003015371981420176
2017-07-10,-3.5,12.2,0.0,1.7,96,8.0,SE,6,1027.9,11.1,51.0,0.0,NW,24,1025.8,WINTER,-9.4,45.0,8.0,-18,2.1,15.7,0.0,False,NONE,False,0.0009136951881345652,0.0003015371981420176
2017-07-11,-6.0,13.3,0.0,-1.4,99,4.0,N,6,1033.2,12.7,46.0,4.0,W,13,1031.7,WINTER,-14.1,53.0,0.0,-7,1.5,19.3,0.0,False,NONE,False,0.0009136951881345652,0.0003015371981420176
2017-07-12,-3.6,12.3,0.0,2.3,88,0.0,SE,13,1036.6,11.3,47.0,0.0,N,6,1032.3,WINTER,-9.0,41.0,0.0,7,4.3,15.9,0.2,True,LIGHT,False,0.006234054810303679,0.0003015371981420176
2017-07-13,-5.8,12.7,0.2,-0.3,99,8.0,NNW,2,1030.0,11.7,51.0,0.0,NW,22,1024.7,WINTER,-12.0,48.0,8.0,-20,5.3,18.5,0.0,False,NONE,False,0.0009136951881345652,0.0003015371981420176
2017-07-14,-2.2,14.0,0.0,8.2,80,0.0,NNW,7,1019.7,11.4,61.0,8.0,NW,33,1016.2,WINTER,-3.2,19.0,-8.0,-26,3.5,16.2,0.6,True,LIGHT,False,0.006234054810303679,0.0003015371981420176
2017-07-15,-2.5,10.8,0.6,5.1,99,7.0,SSW,2,1020.4,9.9,49.0,8.0,WNW,22,1019.5,WINTER,-4.8,50.0,-1.0,-20,0.9,13.3,0.0,False,NONE,False,0.0009136951881345652,0.0003015371981420176
2017-07-16,-7.0,10.5,0.0,-0.4,88,0.0,SW,4,1024.9,10.1,43.0,0.0,N,13,1021.3,WINTER,-10.5,45.0,0.0,-9,3.6,17.5,0.0,False,NONE,False,0.0009136951881345652,0.0003015371981420176
2017-07-17,-5.5,13.7,0.0,-0.6,93,6.0,CALM,0,1021.3,12.1,55.0,1.0,NW,28,1017.3,WINTER,-12.7,38.0,5.0,-28,4.0,19.2,4.2,True,MODERATE,True,0.006234054810303679,0.018889960899812114
2017-07-18,-0.6,13.6,4.2,8.8,80,0.0,N,17,1014.1,10.3,71.0,2.0,NW,26,1010.7,WINTER,-1.5,9.0,-2.0,-9,3.4,14.2,2.2,True,MODERATE,True,0.006234054810303679,0.018889960899812114
2017-07-19,4.1,13.0,2.2,7.1,82,2.0,NW,22,1009.1,12.2,52.0,8.0,WNW,31,1009.4,WINTER,-5.1,30.0,-6.0,-9,-0.3,8.9,0.0,False,NONE,False,0.0009136951881345652,0.0003015371981420176
2017-07-20,-1.2,10.8,0.0,6.1,70,0.0,WNW,22,1014.9,9.0,53.0,0.0,WNW,31,1014.0,WINTER,-2.9,17.0,0.0,-9,0.9,12.0,0.0,False,NONE,False,0.0009136951881345652,0.0003015371981420176
2017-07-21,-4.0,12.1,0.0,3.5,76,0.0,NNW,6,1023.9,11.5,48.0,0.0,WNW,11,1022.4,WINTER,-8.0,28.0,0.0,-5,1.5,16.1,0.0,False,NONE,False,0.0009136951881345652,0.0003015371981420176
2017-07-22,-7.5,12.8,0.0,-1.6,99,8.0,NNE,2,1025.0,11.9,42.0,0.0,NNW,26,1020.5,WINTER,-13.5,57.0,8.0,-24,4.5,20.3,0.0,False,NONE,False,0.0009136951881345652,0.0003015371981420176
2017-07-23,-1.6,16.2,0.0,7.8,52,0.0,NNW,22,1019.3,14.7,39.0,0.0,WNW,35,1014.1,WINTER,-6.9,13.0,0.0,-13,5.2,17.8,0.0,False,NONE,False,0.0009136951881345652,0.0003015371981420176
2017-07-24,3.4,14.5,0.0,9.1,70,0.0,NW,30,1021.0,13.2,47.0,0.0,WNW,28,1019.5,WINTER,-4.1,23.0,0.0,2,1.5,11.1,0.0,False,NONE,False,0.0009136951881345652,0.0003015371981420176
2017-07-25,2.9,14.7,0.0,8.0,85,4.0,NNW,24,1023.9,14.1,52.0,0.0,NNW,28,1019.9,WINTER,-6.1,33.0,4.0,-4,4.0,11.8,0.2,True,LIGHT,False,0.006234054810303679,0.0003015371981420176
2017-07-26,7.6,13.7,0.2,10.3,65,1.0,WNW,28,1018.1,12.5,48.0,3.0,WNW,26,1018.7,WINTER,-2.2,17.0,-2.0,2,-0.6,6.1,0.0,False,NONE,False,0.0009136951881345652,0.0003015371981420176
2017-07-27,-3.9,12.3,0.0,1.0,99,8.0,W,4,1027.4,11.9,50.0,0.0,N,15,1022.5,WINTER,-10.9,49.0,8.0,-11,4.9,16.2,1.8,True,LIGHT,False,0.006234054810303679,0.0003015371981420176
2017-07-28,0.2,14.2,1.8,8.2,69,1.0,WNW,22,1017.5,13.0,45.0,0.0,WNW,28,1018.1,WINTER,-4.8,24.0,1.0,-6,-0.6,14.0,0.0,False,NONE,False,0.0009136951881345652,0.0003015371981420176
2017-07-29,-5.5,14.4,0.0,0.8,99,8.0,CALM,0,1023.0,13.8,37.0,0.0,N,22,1017.3,WINTER,-13.0,62.0,8.0,-22,5.7,19.9,0.0,False,NONE,False,0.0009136951881345652,0.0003015371981420176
2017-07-30,0.8,17.9,0.0,12.8,42,7.0,NW,11,1015.9,12.8,64.0,8.0,NW,20,1014.6,WINTER,0.0,-22.0,-1.0,-9,1.3,17.1,5.4,True,MODERATE,True,0.006234054810303679,0.018889960899812114
2017-07-31,2.0,8.8,5.4,8.5,99,0.0,N,7,1020.1,8.5,94.0,8.0,W,9,1017.1,WINTER,0.0,5.0,-8.0,-2,3.0,6.8,13.4,True,HEAVY,True,0.006234054810303679,0.018889960899812114
2017-08-1,-0.7,13.1,13.4,0.8,99,8.0,NNE,2,1026.4,12.3,53.0,0.0,SSW,7,1024.4,WINTER,-11.5,46.0,8.0,-5,2.0,13.8,0.0,False,NONE,False,0.0009136951881345652,0.0003015371981420176
2017-08-2,-2.3,13.8,0.0,4.4,80,0.0,SE,13,1027.3,13.2,39.0,0.0,SE,11,1022.1,WINTER,-8.8,41.0,0.0,2,5.2,16.1,0.0,False,NONE,False,0.0009136951881345652,0.0003015371981420176
2017-08-3,-1.7,12.4,0.0,4.6,86,7.0,ESE,11,1020.9,11.2,71.0,8.0,E,26,1012.5,WINTER,-6.6,15.0,-1.0,-15,8.4,14.1,17.8,True,HEAVY,True,0.006234054810303679,0.018889960899812114
2017-08-4,4.6,9.5,17.8,6.8,94,8.0,NNW,24,1009.7,8.5,69.0,1.0,WNW,31,1009.2,WINTER,-1.7,25.0,7.0,-7,0.5,4.9,1.4,True,LIGHT,False,0.006234054810303679,0.0003015371981420176
2017-08-5,5.0,10.8,1.4,6.6,79,8.0,NW,30,1013.1,10.2,57.0,5.0,NW,33,1011.9,WINTER,-3.6,22.0,3.0,-3,1.2,5.8,0.0,False,NONE,False,0.0009136951881345652,0.0003015371981420176
2017-08-6,4.6,13.8,0.0,8.6,65,0.0,NW,26,1013.2,12.6,48.0,8.0,NNW,37,1008.5,WINTER,-4.0,17.0,-8.0,-11,4.7,9.2,3.0,True,MODERATE,True,0.006234054810303679,0.018889960899812114
2017-08-7,4.6,10.0,3.0,5.7,87,8.0,NNW,35,1008.9,5.5,88.0,8.0,NNW,28,1009.0,WINTER,0.2,-1.0,0.0,7,-0.1,5.4,2.2,True,MODERATE,True,0.006234054810303679,0.018889960899812114
2017-08-8,1.5,13.1,2.2,6.2,71,0.0,NW,9,1019.1,11.1,48.0,0.0,W,31,1018.5,WINTER,-4.9,23.0,0.0,-22,0.6,11.6,0.0,False,NONE,False,0.0009136951881345652,0.0003015371981420176
2017-08-9,3.5,16.1,0.0,8.9,72,0.0,NW,20,1024.1,14.7,53.0,0.0,N,22,1020.8,WINTER,-5.8,19.0,0.0,-2,3.3,12.6,0.0,False,NONE,False,0.0009136951881345652,0.0003015371981420176
2017-08-10,0.1,16.6,0.0,9.4,84,0.0,W,4,1020.1,15.4,46.0,0.0,NNW,35,1014.2,WINTER,-6.0,38.0,0.0,-31,5.9,16.5,0.0,False,NONE,False,0.0009136951881345652,0.0003015371981420176
2017-08-11,8.3,15.9,0.0,12.1,48,6.0,NW,20,1015.7,14.3,39.0,0.0,WNW,31,1015.6,WINTER,-2.2,9.0,6.0,-11,0.1,7.6,0.0,False,NONE,False,0.0009136951881345652,0.0003015371981420176
2017-08-12,5.6,15.1,0.0,11.0,53,0.0,WNW,22,1019.6,13.7,54.0,0.0,NW,33,1019.1,WINTER,-2.7,-1.0,0.0,-11,0.5,9.5,0.0,False,NONE,False,0.0009136951881345652,0.0003015371981420176
2017-08-13,1.6,16.4,0.0,6.2,90,6.0,SE,13,1024.7,15.6,43.0,0.0,NW,24,1021.0,WINTER,-9.4,47.0,6.0,-11,3.7,14.8,0.0,False,NONE,False,0.0009136951881345652,0.0003015371981420176
2017-08-14,-0.4,19.2,0.0,6.6,75,0.0,ESE,2,1021.7,18.4,35.0,0.0,W,28,1016.3,WINTER,-11.8,40.0,0.0,-26,5.4,19.6,0.0,False,NONE,False,0.0009136951881345652,0.0003015371981420176
2017-08-15,0.5,17.6,0.0,6.5,89,8.0,SSW,7,1015.1,16.0,63.0,8.0,NNW,20,1008.7,WINTER,-9.5,26.0,0.0,-13,6.4,17.1,5.2,True,MODERATE,True,0.006234054810303679,0.018889960899812114
2017-08-16,6.4,13.9,5.2,10.0,88,8.0,WNW,17,1001.4,11.7,49.0,1.0,WNW,33,1004.5,WINTER,-1.7,39.0,7.0,-16,-3.1,7.5,0.0,False,NONE,False,0.0009136951881345652,0.0003015371981420176
2017-08-17,5.6,14.9,0.0,10.1,64,4.0,NW,33,1009.1,14.2,42.0,3.0,WNW,46,1005.3,WINTER,-4.1,22.0,1.0,-13,3.8,9.3,3.6,True,MODERATE,True,0.006234054810303679,0.018889960899812114
2017-08-18,3.8,9.7,3.6,6.6,70,0.0,WNW,37,1008.8,7.9,64.0,0.0,WNW,37,1009.4,WINTER,-1.3,6.0,0.0,0,-0.6,5.9,0.0,False,NONE,False,0.0009136951881345652,0.0003015371981420176
2017-08-19,-3.1,11.2,0.0,6.3,57,0.0,SSW,9,1020.0,10.4,34.0,1.0,S,28,1020.6,WINTER,-4.1,23.0,-1.0,-19,-0.6,14.3,0.2,True,LIGHT,False,0.006234054810303679,0.0003015371981420176
2017-08-20,-3.0,13.2,0.2,5.1,63,0.0,SE,9,1025.9,12.8,34.0,0.0,N,11,1021.5,WINTER,-7.7,29.0,0.0,-2,4.4,16.2,0.0,False,NONE,False,0.0009136951881345652,0.0003015371981420176
2017-08-21,1.6,13.1,0.0,5.5,87,8.0,SSW,7,1019.0,10.2,51.0,7.0,NW,24,1016.2,WINTER,-4.7,36.0,1.0,-17,2.8,11.5,0.0,False,NONE,False,0.0009136951881345652,0.0003015371981420176
2017-08-22,-2.7,16.5,0.0,5.3,78,0.0,CALM,0,1021.0,16.2,32.0,0.0,N,11,1018.6,WINTER,-10.9,46.0,0.0,-11,2.4,19.2,0.0,False,NONE,False,0.0009136951881345652,0.0003015371981420176
2017-08-23,-3.2,16.3,0.0,4.5,81,0.0,CALM,0,1021.5,15.4,37.0,0.0,WNW,20,1017.8,WINTER,-10.9,44.0,0.0,-20,3.7,19.5,0.0,False,NONE,False,0.0009136951881345652,0.0003015371981420176
2017-08-24,-2.6,14.0,0.0,3.9,81,8.0,ENE,2,1020.1,13.2,43.0,5.0,S,15,1018.5,WINTER,-9.3,38.0,3.0,-13,1.6,16.6,0.0,False,NONE,False,0.0009136951881345652,0.0003015371981420176
2017-08-25,-5.1,14.8,0.0,5.8,73,0.0,CALM,0,1027.4,14.0,28.0,0.0,N,9,1024.4,WINTER,-8.2,45.0,0.0,-9,3.0,19.9,0.0,False,NONE,False,0.0009136951881345652,0.0003015371981420176
2017-08-26,-3.0,15.7,0.0,3.6,95,8.0,NNW,7,1025.9,15.6,36.0,0.0,NNW,22,1020.9,WINTER,-12.0,59.0,8.0,-15,5.0,18.7,0.0,False,NONE,False,0.0009136951881345652,0.0003015371981420176
2017-08-27,-2.7,10.7,0.0,5.8,67,4.0,SSW,9,1017.3,4.3,79.0,8.0,SSE,22,1016.8,WINTER,1.5,-12.0,-4.0,-13,0.5,13.4,2.4,True,MODERATE,True,0.006234054810303679,0.018889960899812114
2017-08-28,-2.4,12.4,2.4,6.0,58,0.0,S,30,1021.9,12.0,32.0,0.0,SSW,15,1019.9,WINTER,-6.0,26.0,0.0,15,2.0,14.8,0.0,False,NONE,False,0.0009136951881345652,0.0003015371981420176
2017-08-29,-2.1,13.0,0.0,5.4,66,0.0,S,7,1023.8,12.4,40.0,1.0,NNW,20,1020.5,WINTER,-7.0,26.0,-1.0,-13,3.3,15.1,0.0,False,NONE,False,0.0009136951881345652,0.0003015371981420176
2017-08-30,-5.3,15.0,0.0,3.6,74,0.0,NNW,6,1024.4,14.1,38.0,0.0,WNW,15,1022.2,WINTER,-10.5,36.0,0.0,-9,2.2,20.3,0.0,False,NONE,False,0.0009136951881345652,0.0003015371981420176
2017-08-31,-1.2,13.8,0.0,6.1,58,0.0,SE,17,1030.7,12.9,37.0,0.0,SSW,20,1026.6,WINTER,-6.8,21.0,0.0,-3,4.1,15.0,0.0,False,NONE,False,0.0009136951881345652,0.0003015371981420176
2017-09-1,-4.7,15.0,0.0,4.7,71,0.0,SSE,6,1027.7,14.2,36.0,0.0,NW,13,1021.5,SPRING,-9.5,35.0,0.0,-7,6.2,19.7,0.0,False,NONE,False,0.0009136951881345652,0.0003015371981420176
2017-09-2,-3.9,18.0,0.0,5.1,76,0.0,CALM,0,1022.4,17.7,34.0,3.0,NW,19,1018.7,SPRING,-12.6,42.0,-3.0,-19,3.7,21.9,0.0,False,NONE,False,0.0009136951881345652,0.0003015371981420176
2017-09-3,1.0,23.5,0.0,8.7,76,8.0,N,9,1012.4,21.7,26.0,4.0,NNW,33,1003.7,SPRING,-13.0,50.0,4.0,-24,8.7,22.5,0.0,False,NONE,False,0.0009136951881345652,0.0003015371981420176
2017-09-4,5.5,12.8,0.0,10.5,55,0.0,NW,33,1009.0,7.6,76.0,7.0,W,26,1007.4,SPRING,2.9,-21.0,-7.0,7,1.6,7.3,1.6,True,LIGHT,False,0.006234054810303679,0.0003015371981420176
2017-09-5,2.4,9.6,1.6,5.6,73,8.0,WNW,37,1010.3,7.6,62.0,8.0,NW,43,1009.6,SPRING,-2.0,11.0,0.0,-6,0.7,7.2,2.8,True,MODERATE,True,0.006234054810303679,0.018889960899812114
2017-09-6,3.4,10.0,2.8,7.1,64,1.0,NW,30,1014.0,8.8,61.0,8.0,NW,24,1014.8,SPRING,-1.7,3.0,-7.0,6,-0.8,6.6,0.6,True,LIGHT,False,0.006234054810303679,0.0003015371981420176
2017-09-7,4.8,13.0,0.6,9.6,67,8.0,WNW,20,1019.1,11.1,50.0,1.0,WNW,33,1017.4,SPRING,-1.5,17.0,7.0,-13,1.7,8.2,0.0,False,NONE,False,0.0009136951881345652,0.0003015371981420176
2017-09-8,5.3,13.8,0.0,9.6,61,8.0,WNW,22,1017.9,12.5,39.0,0.0,WNW,35,1016.7,SPRING,-2.9,22.0,8.0,-13,1.2,8.5,0.0,False,NONE,False,0.0009136951881345652,0.0003015371981420176
2017-09-9,0.6,14.7,0.0,8.3,57,0.0,NNW,7,1022.3,12.6,49.0,7.0,NW,19,1020.8,SPRING,-4.3,8.0,-7.0,-12,1.5,14.1,0.0,False,NONE,False,0.0009136951881345652,0.0003015371981420176
2017-09-10,-3.2,16.9,0.0,7.2,72,0.0,NNW,6,1023.6,15.9,35.0,0.0,NNW,20,1019.9,SPRING,-8.7,37.0,0.0,-14,3.7,20.1,0.0,False,NONE,False,0.0009136951881345652,0.0003015371981420176
2017-09-11,-2.4,19.9,0.0,7.3,71,0.0,SW,6,1020.6,18.4,40.0,4.0,NNW,19,1016.8,SPRING,-11.1,31.0,-4.0,-13,3.8,22.3,0.0,False,NONE,False,0.0009136951881345652,0.0003015371981420176
2017-09-12,3.6,23.8,0.0,13.4,56,2.0,NE,6,1016.6,22.9,27.0,0.0,WNW,37,1011.3,SPRING,-9.5,29.0,2.0,-31,5.3,20.2,0.0,False,NONE,False,0.0009136951881345652,0.0003015371981420176
2017-09-13,8.4,22.5,0.0,18.1,30,1.0,NNW,33,1006.6,15.8,48.0,6.0,WNW,28,1006.5,SPRING,2.3,-18.0,-5.0,5,0.1,14.1,0.0,False,NONE,False,0.0009136951881345652,0.0003015371981420176
2017-09-14,4.4,12.4,0.0,7.2,55,1.0,WNW,28,1012.1,10.5,43.0,6.0,WNW,33,1013.3,SPRING,-3.3,12.0,-5.0,-5,-1.2,8.0,0.0,False,NONE,False,0.0009136951881345652,0.0003015371981420176
2017-09-15,7.0,13.6,0.0,11.0,70,8.0,NW,31,1019.6,11.5,60.0,8.0,WNW,31,1019.4,SPRING,-0.5,10.0,0.0,0,0.2,6.6,0.4,True,LIGHT,False,0.006234054810303679,0.0003015371981420176
2017-09-16,8.0,14.9,0.4,10.5,70,4.0,WNW,33,1017.0,13.0,42.0,4.0,WNW,33,1018.0,SPRING,-2.5,28.0,0.0,0,-1.0,6.9,0.4,True,LIGHT,False,0.006234054810303679,0.0003015371981420176
2017-09-17,-6.1,16.7,0.4,6.5,59,0.0,SSE,4,1027.9,15.6,21.0,0.0,NNW,17,1023.7,SPRING,-9.1,38.0,0.0,-13,4.2,22.8,0.0,False,NONE,False,0.0009136951881345652,0.0003015371981420176
2017-09-18,-5.6,20.1,0.0,7.2,56,0.0,W,6,1023.6,19.5,27.0,0.0,NW,30,1017.9,SPRING,-12.3,29.0,0.0,-24,5.7,25.7,0.0,False,NONE,False,0.0009136951881345652,0.0003015371981420176
2017-09-19,2.8,14.9,0.0,10.9,50,1.0,WNW,28,1016.7,13.9,37.0,0.0,WNW,33,1016.7,SPRING,-3.0,13.0,1.0,-5,0.0,12.1,0.0,False,NONE,False,0.0009136951881345652,0.0003015371981420176
2017-09-20,-4.1,18.2,0.0,6.7,60,0.0,NNW,6,1021.8,17.6,34.0,0.0,NNW,17,1016.9,SPRING,-10.9,26.0,0.0,-11,4.9,22.3,0.0,False,NONE,False,0.0009136951881345652,0.0003015371981420176
2017-09-21,-1.1,22.6,0.0,10.2,64,0.0,WNW,6,1018.1,21.2,24.0,0.0,NNW,30,1013.8,SPRING,-11.0,40.0,0.0,-24,4.3,23.7,0.0,False,NONE,False,0.0009136951881345652,0.0003015371981420176
2017-09-22,1.1,25.2,0.0,13.1,54,1.0,S,6,1015.9,24.8,16.0,0.0,NW,24,1012.1,SPRING,-11.7,38.0,1.0,-18,3.8,24.1,0.0,False,NONE,False,0.0009136951881345652,0.0003015371981420176
2017-09-23,1.3,30.2,0.0,17.3,36,0.0,NNW,9,1010.2,29.8,14.0,0.0,NNW,39,1001.7,SPRING,-12.5,22.0,0.0,-30,8.5,28.9,0.0,False,NONE,False,0.0009136951881345652,0.0003015371981420176
2017-09-24,12.7,21.4,0.0,14.6,54,8.0,NW,33,1007.1,19.6,27.0,1.0,WNW,39,1002.9,SPRING,-5.0,27.0,7.0,-6,4.2,8.7,0.0,False,NONE,False,0.0009136951881345652,0.0003015371981420176
2017-09-25,8.1,17.5,0.0,13.9,47,1.0,NW,24,1008.8,15.5,41.0,0.0,WNW,35,1008.9,SPRING,-1.6,6.0,1.0,-11,-0.1,9.4,0.0,False,NONE,False,0.0009136951881345652,0.0003015371981420176
2017-09-26,4.2,19.4,0.0,12.8,33,0.0,W,13,1016.7,19.1,26.0,0.0,NNW,22,1014.8,SPRING,-6.3,7.0,0.0,-9,1.9,15.2,0.0,False,NONE,False,0.0009136951881345652,0.0003015371981420176
2017-09-27,1.4,24.3,0.0,10.6,71,0.0,E,7,1015.9,23.0,25.0,7.0,NW,13,1008.1,SPRING,-12.4,46.0,-7.0,-6,7.8,22.9,7.6,True,HEAVY,True,0.006234054810303679,0.018889960899812114
2017-09-28,10.4,20.3,7.6,17.2,49,2.0,WNW,24,1008.3,18.5,42.0,1.0,W,28,1008.8,SPRING,-1.3,7.0,1.0,-4,-0.5,9.9,0.0,False,NONE,False,0.0009136951881345652,0.0003015371981420176
2017-09-29,7.1,19.5,0.0,14.8,44,0.0,WNW,22,1016.1,17.7,32.0,2.0,WNW,33,1012.9,SPRING,-2.9,12.0,-2.0,-11,3.2,12.4,0.0,False,NONE,False,0.0009136951881345652,0.0003015371981420176
2017-09-30,10.0,17.9,0.0,13.2,43,0.0,W,37,1015.5,16.7,26.0,0.0,W,24,1016.3,SPRING,-3.5,17.0,0.0,13,-0.8,7.9,0.0,False,NONE,False,0.0009136951881345652,0.0003015371981420176
2017-10-1,-0.7,19.8,0.0,10.6,58,0.0,WNW,9,1022.2,18.4,38.0,0.0,NW,26,1018.6,SPRING,-7.8,20.0,0.0,-17,3.6,20.5,0.0,False,NONE,False,0.0009136951881345652,0.0003015371981420176
2017-10-2,1.7,22.5,0.0,10.4,73,0.0,SE,7,1024.6,21.1,25.0,0.0,W,19,1021.3,SPRING,-10.7,48.0,0.0,-12,3.3,20.8,0.0,False,NONE,False,0.0009136951881345652,0.0003015371981420176
2017-10-3,4.5,25.0,0.0,10.8,95,8.0,N,9,1023.8,23.3,28.0,0.0,NW,24,1019.7,SPRING,-12.5,67.0,8.0,-15,4.1,20.5,0.0,False,NONE,False,0.0009136951881345652,0.0003015371981420176
2017-10-4,2.4,25.4,0.0,12.9,60,0.0,SSE,9,1022.8,23.7,23.0,0.0,NW,11,1018.7,SPRING,-10.8,37.0,0.0,-2,4.1,23.0,0.0,False,NONE,False,0.0009136951881345652,0.0003015371981420176
2017-10-5,8.3,26.6,0.0,13.5,83,7.0,SSE,9,1018.4,23.5,35.0,8.0,NW,31,1013.3,SPRING,-10.0,48.0,-1.0,-22,5.1,18.3,0.2,True,LIGHT,False,0.006234054810303679,0.0003015371981420176
2017-10-6,11.1,21.5,0.2,12.2,63,8.0,NW,11,1014.9,19.8,32.0,0.0,S,30,1015.8,SPRING,-7.6,31.0,8.0,-19,-0.9,10.4,0.2,True,LIGHT,False,0.006234054810303679,0.0003015371981420176
2017-10-7,1.3,21.1,0.2,10.1,57,6.0,SSE,15,1023.4,19.4,37.0,2.0,E,13,1019.9,SPRING,-9.3,20.0,4.0,2,3.5,19.8,0.0,False,NONE,False,0.0009136951881345652,0.0003015371981420176
2017-10-8,5.2,20.1,0.0,12.6,72,3.0,E,9,1018.9,18.2,56.0,8.0,NW,17,1015.6,SPRING,-5.6,16.0,-5.0,-8,3.3,14.9,12.8,True,HEAVY,True,0.006234054810303679,0.018889960899812114
2017-10-9,12.2,25.4,12.8,16.3,88,8.0,NNE,11,1011.6,22.6,44.0,8.0,WNW,35,1008.9,SPRING,-6.3,44.0,0.0,-24,2.7,13.2,0.0,False,NONE,False,0.0009136951881345652,0.0003015371981420176
2017-10-10,4.5,22.7,0.0,11.6,84,7.0,SW,9,1017.6,22.3,29.0,0.0,NNW,17,1015.1,SPRING,-10.7,55.0,7.0,-8,2.5,18.2,0.0,False,NONE,False,0.0009136951881345652,0.0003015371981420176
2017-10-11,10.8,25.6,0.0,16.0,78,5.0,WNW,6,1016.6,24.6,23.0,0.0,NNW,20,1011.2,SPRING,-8.6,55.0,5.0,-14,5.4,14.8,3.8,True,MODERATE,True,0.006234054810303679,0.018889960899812114
2017-10-12,12.3,20.6,3.8,14.6,57,0.0,WNW,28,1011.2,18.8,35.0,0.0,WNW,35,1012.4,SPRING,-4.2,22.0,0.0,-7,-1.2,8.3,0.0,False,NONE,False,0.0009136951881345652,0.0003015371981420176
2017-10-13,2.8,21.3,0.0,12.2,61,0.0,NW,7,1018.4,20.3,41.0,0.0,NNW,24,1015.7,SPRING,-8.1,20.0,0.0,-17,2.7,18.5,0.0,False,NONE,False,0.0009136951881345652,0.0003015371981420176
2017-10-14,10.8,17.9,0.0,13.3,72,8.0,ESE,17,1023.4,16.6,58.0,8.0,ENE,15,1022.4,SPRING,-3.3,14.0,0.0,2,1.0,7.1,0.0,False,NONE,False,0.0009136951881345652,0.0003015371981420176
2017-10-15,6.7,24.7,0.0,12.1,77,8.0,N,9,1026.0,22.4,32.0,0.0,NW,9,1022.8,SPRING,-10.3,45.0,8.0,0,3.2,18.0,0.0,False,NONE,False,0.0009136951881345652,0.0003015371981420176
2017-10-16,6.1,25.2,0.0,14.1,75,0.0,ESE,11,1028.4,24.2,28.0,0.0,NE,13,1024.9,SPRING,-10.1,47.0,0.0,-2,3.5,19.1,0.0,False,NONE,False,0.0009136951881345652,0.0003015371981420176
2017-10-17,3.7,27.4,0.0,14.2,73,0.0,ESE,11,1027.9,26.4,18.0,0.0,NE,13,1023.9,SPRING,-12.2,55.0,0.0,-2,4.0,23.7,0.0,False,NONE,False,0.0009136951881345652,0.0003015371981420176
2017-10-18,5.5,27.5,0.0,15.0,70,5.0,SE,7,1028.2,26.0,30.0,0.0,NE,11,1023.3,SPRING,-11.0,40.0,5.0,-4,4.9,22.0,0.0,False,NONE,False,0.0009136951881345652,0.0003015371981420176
2017-10-19,9.2,27.3,0.0,17.8,66,0.0,W,6,1024.4,24.7,51.0,8.0,NW,30,1020.5,SPRING,-6.9,15.0,-8.0,-24,3.9,18.1,11.2,True,HEAVY,True,0.006234054810303679,0.018889960899812114
2017-10-20,14.2,21.1,11.2,16.0,93,7.0,SSW,2,1020.3,14.0,81.0,8.0,E,24,1020.4,SPRING,2.0,12.0,-1.0,-22,-0.1,6.9,0.2,True,LIGHT,False,0.006234054810303679,0.0003015371981420176
2017-10-21,1.4,19.9,0.2,9.2,60,0.0,ESE,11,1022.4,18.8,32.0,0.0,N,11,1017.6,SPRING,-9.6,28.0,0.0,0,4.8,18.5,0.0,False,NONE,False,0.0009136951881345652,0.0003015371981420176
2017-10-22,9.1,19.1,0.0,12.8,66,2.0,NE,9,1014.7,17.3,41.0,8.0,WSW,13,1012.1,SPRING,-4.5,25.0,-6.0,-4,2.6,10.0,0.4,True,LIGHT,False,0.006234054810303679,0.0003015371981420176
2017-10-23,3.1,22.6,0.4,11.8,67,0.0,S,7,1018.7,21.3,15.0,0.0,NNE,9,1016.0,SPRING,-9.5,52.0,0.0,-2,2.7,19.5,0.0,False,NONE,False,0.0009136951881345652,0.0003015371981420176
2017-10-24,3.6,24.7,0.0,13.9,59,0.0,NNE,2,1019.0,21.3,33.0,8.0,WNW,26,1016.4,SPRING,-7.4,26.0,-8.0,-24,2.6,21.1,0.0,False,NONE,False,0.0009136951881345652,0.0003015371981420176
2017-10-25,12.5,25.8,0.0,19.3,54,4.0,NW,19,1013.7,22.5,36.0,7.0,WNW,24,1011.1,SPRING,-3.2,18.0,-3.0,-5,2.6,13.3,0.2,True,LIGHT,False,0.006234054810303679,0.0003015371981420176
2017-10-26,12.2,23.8,0.2,15.9,70,8.0,E,20,1007.2,21.4,50.0,2.0,ENE,28,1003.1,SPRING,-5.5,20.0,6.0,-8,4.1,11.6,15.2,True,HEAVY,True,0.006234054810303679,0.018889960899812114
2017-10-27,10.8,22.7,15.2,14.6,73,8.0,S,17,1012.3,21.3,54.0,1.0,N,9,1010.8,SPRING,-6.7,19.0,7.0,8,1.5,11.9,0.2,True,LIGHT,False,0.006234054810303679,0.0003015371981420176
2017-10-28,9.7,26.4,0.2,16.8,77,1.0,NW,7,1012.1,25.3,41.0,1.0,NNW,22,1008.9,SPRING,-8.5,36.0,0.0,-15,3.2,16.7,1.2,True,LIGHT,False,0.006234054810303679,0.0003015371981420176
2017-10-29,11.2,25.4,1.2,16.8,76,8.0,NW,24,1009.9,24.4,44.0,1.0,NNW,33,1006.5,SPRING,-7.6,32.0,7.0,-9,3.4,14.2,0.0,False,NONE,False,0.0009136951881345652,0.0003015371981420176
2017-10-30,9.7,21.5,0.0,19.9,43,0.0,NNW,24,1003.3,19.6,34.0,2.0,W,37,1005.4,SPRING,0.3,9.0,-2.0,-13,-2.1,11.8,12.8,True,HEAVY,True,0.006234054810303679,0.018889960899812114
2017-10-31,3.6,17.7,12.8,9.7,55,0.0,SSW,17,1017.4,16.0,35.0,8.0,SSE,11,1013.4,SPRING,-6.3,20.0,-8.0,6,4.0,14.1,0.0,False,NONE,False,0.0009136951881345652,0.0003015371981420176
2017-11-1,4.8,21.4,0.0,11.3,50,0.0,S,28,1014.2,19.5,33.0,3.0,S,24,1010.4,SPRING,-8.2,17.0,-3.0,4,3.8,16.6,0.0,False,NONE,False,0.0009136951881345652,0.0003015371981420176
2017-11-2,5.8,23.1,0.0,13.8,51,0.0,SE,13,1013.6,20.5,41.0,8.0,NNW,17,1010.5,SPRING,-6.7,10.0,-8.0,-4,3.1,17.3,0.0,False,NONE,False,0.0009136951881345652,0.0003015371981420176
2017-11-3,4.3,19.7,0.0,14.6,66,3.0,NNW,9,1010.5,17.3,53.0,8.0,NNW,30,1011.2,SPRING,-2.7,13.0,-5.0,-21,-0.7,15.4,0.0,False,NONE,False,0.0009136951881345652,0.0003015371981420176
2017-11-4,9.5,21.3,0.0,14.5,62,0.0,NNE,20,1016.6,19.6,26.0,0.0,NW,24,1014.6,SPRING,-5.1,36.0,0.0,-4,2.0,11.8,0.0,False,NONE,False,0.0009136951881345652,0.0003015371981420176
2017-11-5,8.3,19.4,0.0,12.9,59,8.0,ENE,11,1021.3,17.9,45.0,3.0,NE,26,1018.0,SPRING,-5.0,14.0,5.0,-15,3.3,11.1,20.8,True,HEAVY,True,0.006234054810303679,0.018889960899812114
2017-11-6,10.4,14.6,20.8,11.1,99,8.0,S,15,1007.8,12.2,86.0,8.0,W,20,1005.5,SPRING,-1.1,13.0,0.0,-5,2.3,4.2,18.6,True,HEAVY,True,0.006234054810303679,0.018889960899812114
2017-11-7,2.5,19.3,18.6,11.6,56,0.0,S,28,1015.8,18.9,37.0,7.0,SSW,11,1014.9,SPRING,-7.3,19.0,-7.0,17,0.9,16.8,0.0,False,NONE,False,0.0009136951881345652,0.0003015371981420176
2017-11-8,7.0,20.7,0.0,10.9,49,0.0,S,15,1025.3,18.9,33.0,0.0,E,15,1023.2,SPRING,-8.0,16.0,0.0,0,2.1,13.7,0.0,False,NONE,False,0.0009136951881345652,0.0003015371981420176
2017-11-9,3.1,25.5,0.0,13.8,64,0.0,SE,6,1026.9,24.2,29.0,1.0,NW,15,1023.2,SPRING,-10.4,35.0,-1.0,-9,3.7,22.4,0.2,True,LIGHT,False,0.006234054810303679,0.0003015371981420176
2017-11-10,4.5,25.6,0.2,16.2,39,0.0,SW,6,1028.0,25.2,26.0,2.0,NNW,11,1023.7,SPRING,-9.0,13.0,-2.0,-5,4.3,21.1,0.2,True,LIGHT,False,0.006234054810303679,0.0003015371981420176
2017-11-11,11.1,24.1,0.2,15.5,70,1.0,NNW,4,1027.3,20.6,49.0,8.0,SSW,20,1022.8,SPRING,-5.1,21.0,-7.0,-16,4.5,13.0,0.2,True,LIGHT,False,0.006234054810303679,0.0003015371981420176
2017-11-12,13.0,23.5,0.2,15.5,65,8.0,NE,15,1025.1,22.1,42.0,8.0,NNE,13,1021.1,SPRING,-6.6,23.0,0.0,2,4.0,10.5,0.0,False,NONE,False,0.0009136951881345652,0.0003015371981420176
2017-11-13,11.6,22.8,0.0,14.6,64,8.0,ENE,11,1023.8,20.1,52.0,8.0,W,19,1020.6,SPRING,-5.5,12.0,0.0,-8,3.2,11.2,0.0,False,NONE,False,0.0009136951881345652,0.0003015371981420176
2017-11-14,7.1,25.7,0.0,14.3,64,5.0,ENE,11,1022.9,24.8,39.0,2.0,NNE,13,1017.5,SPRING,-10.5,25.0,3.0,-2,5.4,18.6,0.0,False,NONE,False,0.0009136951881345652,0.0003015371981420176
2017-11-15,8.2,28.2,0.0,17.1,62,0.0,SW,4,1019.0,26.8,26.0,0.0,NNW,17,1013.9,SPRING,-9.7,36.0,0.0,-13,5.1,20.0,0.0,False,NONE,False,0.0009136951881345652,0.0003015371981420176
2017-11-16,11.0,20.1,0.0,18.9,63,6.0,CALM,0,1014.6,18.5,72.0,8.0,WNW,11,1014.1,SPRING,0.4,-9.0,-2.0,-11,0.5,9.1,2.4,True,MODERATE,True,0.006234054810303679,0.018889960899812114
2017-11-17,12.9,24.3,2.4,18.8,73,8.0,ENE,15,1017.0,20.2,65.0,8.0,NE,11,1015.1,SPRING,-1.4,8.0,0.0,4,1.9,11.4,1.8,True,LIGHT,False,0.006234054810303679,0.0003015371981420176
2017-11-18,14.5,19.0,1.8,16.1,78,8.0,E,17,1019.3,18.1,70.0,8.0,E,28,1019.2,SPRING,-2.0,8.0,0.0,-11,0.1,4.5,0.4,True,LIGHT,False,0.006234054810303679,0.0003015371981420176
2017-11-19,12.5,24.4,0.4,17.7,51,0.0,E,22,1023.2,22.2,44.0,4.0,ENE,24,1022.0,SPRING,-4.5,7.0,-4.0,-2,1.2,11.9,0.0,False,NONE,False,0.0009136951881345652,0.0003015371981420176
2017-11-20,8.4,25.5,0.0,16.8,60,6.0,SE,13,1025.9,24.2,35.0,0.0,E,13,1022.9,SPRING,-7.4,25.0,6.0,0,3.0,17.1,0.0,False,NONE,False,0.0009136951881345652,0.0003015371981420176
2017-11-21,7.4,26.1,0.0,15.9,59,0.0,S,9,1024.4,24.8,27.0,0.0,ENE,19,1020.7,SPRING,-8.9,32.0,0.0,-10,3.7,18.7,0.0,False,NONE,False,0.0009136951881345652,0.0003015371981420176
2017-11-22,9.1,27.2,0.0,16.1,65,1.0,SW,6,1021.2,25.4,30.0,0.0,NW,13,1016.0,SPRING,-9.3,35.0,1.0,-7,5.2,18.1,0.0,False,NONE,False,0.0009136951881345652,0.0003015371981420176
2017-11-23,12.2,27.0,0.0,18.1,63,0.0,NNE,7,1017.0,21.1,47.0,6.0,SW,26,1013.7,SPRING,-3.0,16.0,-6.0,-19,3.3,14.8,0.8,True,LIGHT,False,0.006234054810303679,0.0003015371981420176
2017-11-24,8.9,29.8,0.8,17.5,66,5.0,WSW,4,1017.4,22.2,47.0,8.0,SE,24,1014.6,SPRING,-4.7,19.0,-3.0,-20,2.8,20.9,1.4,True,LIGHT,False,0.006234054810303679,0.0003015371981420176
2017-11-25,10.9,31.0,1.4,20.5,57,0.0,WSW,6,1018.7,28.9,21.0,1.0,ENE,13,1014.3,SPRING,-8.4,36.0,-1.0,-7,4.4,20.1,0.2,True,LIGHT,False,0.006234054810303679,0.0003015371981420176
2017-11-26,11.4,25.9,0.2,19.6,63,0.0,SSE,13,1016.8,20.9,63.0,8.0,SW,15,1015.0,SPRING,-1.3,0.0,-8.0,-2,1.8,14.5,7.6,True,HEAVY,True,0.006234054810303679,0.018889960899812114
2017-11-27,16.1,26.6,7.6,19.5,79,8.0,SE,6,1015.0,23.3,53.0,1.0,WNW,9,1014.7,SPRING,-3.8,26.0,7.0,-3,0.3,10.5,15.6,True,HEAVY,True,0.006234054810303679,0.018889960899812114
2017-11-28,11.5,28.4,15.6,16.8,86,8.0,SSE,11,1020.7,26.9,37.0,3.0,ESE,17,1017.5,SPRING,-10.1,49.0,5.0,-6,3.2,16.9,0.2,True,LIGHT,False,0.006234054810303679,0.0003015371981420176
2017-11-29,16.4,29.1,0.2,20.3,63,8.0,SSW,9,1021.0,27.7,31.0,0.0,SSE,11,1017.3,SPRING,-7.4,32.0,8.0,-2,3.7,12.7,0.0,False,NONE,False,0.0009136951881345652,0.0003015371981420176
2017-11-30,12.8,30.6,0.0,19.9,67,0.0,SW,6,1018.3,28.5,31.0,1.0,N,19,1013.8,SPRING,-8.6,36.0,-1.0,-13,4.5,17.8,0.0,False,NONE,False,0.0009136951881345652,0.0003015371981420176
2017-12-1,15.0,30.6,0.0,23.6,61,1.0,NW,20,1014.5,27.5,45.0,7.0,NW,30,1009.2,SUMMER,-3.9,16.0,-6.0,-10,5.3,15.6,35.2,True,HEAVY,True,0.006234054810303679,0.018889960899812114
2017-12-2,17.7,19.6,35.2,17.8,99,8.0,N,20,1004.6,16.0,88.0,8.0,NNW,28,1003.3,SUMMER,1.8,11.0,0.0,-8,1.3,1.9,18.4,True,HEAVY,True,0.006234054810303679,0.018889960899812114
2017-12-3,12.2,19.9,18.4,13.8,85,8.0,NNW,24,1005.7,19.3,61.0,1.0,NW,31,1006.1,SUMMER,-5.5,24.0,7.0,-7,-0.4,7.7,0.2,True,LIGHT,False,0.006234054810303679,0.0003015371981420176
2017-12-4,10.7,15.7,0.2,11.4,90,8.0,SSW,15,1011.2,12.4,87.0,8.0,SSE,17,1010.2,SUMMER,-1.0,3.0,0.0,-2,1.0,5.0,6.6,True,HEAVY,True,0.006234054810303679,0.018889960899812114
2017-12-5,11.4,20.0,6.6,15.5,70,8.0,SSE,22,1008.6,17.6,58.0,8.0,SE,28,1005.9,SUMMER,-2.1,12.0,0.0,-6,2.7,8.6,5.2,True,MODERATE,True,0.006234054810303679,0.018889960899812114
2017-12-6,11.9,20.2,5.2,15.3,67,8.0,SSW,13,1002.7,17.8,63.0,8.0,WNW,28,1000.3,SUMMER,-2.5,4.0,0.0,-15,2.4,8.3,0.2,True,LIGHT,False,0.006234054810303679,0.0003015371981420176
2017-12-7,8.7,26.7,0.2,18.5,56,0.0,NW,7,1005.3,25.4,31.0,4.0,WNW,31,1003.9,SUMMER,-6.9,25.0,-4.0,-24,1.4,18.0,6.2,True,HEAVY,True,0.006234054810303679,0.018889960899812114
2017-12-8,12.0,22.5,6.2,16.0,68,6.0,W,15,1009.6,21.4,32.0,0.0,NW,17,1010.3,SUMMER,-5.4,36.0,6.0,-2,-0.7,10.5,0.0,False,NONE,False,0.0009136951881345652,0.0003015371981420176
2017-12-9,7.8,25.0,0.0,15.2,66,2.0,NNW,6,1018.7,23.8,36.0,1.0,N,20,1016.4,SUMMER,-8.6,30.0,1.0,-14,2.3,17.2,0.0,False,NONE,False,0.0009136951881345652,0.0003015371981420176
2017-12-10,10.9,28.0,0.0,17.7,69,0.0,S,6,1021.8,26.8,37.0,0.0,N,17,1018.4,SUMMER,-9.1,32.0,0.0,-11,3.4,17.1,0.0,False,NONE,False,0.0009136951881345652,0.0003015371981420176
2017-12-11,12.0,29.7,0.0,20.3,66,0.0,WSW,4,1019.7,28.8,31.0,0.0,NW,20,1015.4,SUMMER,-8.5,35.0,0.0,-16,4.3,17.7,0.0,False,NONE,False,0.0009136951881345652,0.0003015371981420176
2017-12-12,16.4,30.6,0.0,20.6,61,0.0,E,7,1018.3,29.4,33.0,0.0,NNW,17,1013.9,SUMMER,-8.8,28.0,0.0,-10,4.4,14.2,0.0,False,NONE,False,0.0009136951881345652,0.0003015371981420176
2017-12-13,12.5,32.7,0.0,21.2,67,0.0,ENE,6,1014.2,31.9,20.0,0.0,W,22,1010.2,SUMMER,-10.7,47.0,0.0,-16,4.0,20.2,0.0,False,NONE,False,0.0009136951881345652,0.0003015371981420176
2017-12-14,13.6,32.9,0.0,25.8,46,4.0,NNW,9,1009.1,32.5,30.0,7.0,NW,20,1006.8,SUMMER,-6.7,16.0,-3.0,-11,2.3,19.3,3.2,True,MODERATE,True,0.006234054810303679,0.018889960899812114
2017-12-15,17.9,30.5,3.2,19.2,85,8.0,NE,7,1013.0,28.8,45.0,8.0,NNW,20,1009.8,SUMMER,-9.6,40.0,0.0,-13,3.2,12.6,0.0,False,NONE,False,0.0009136951881345652,0.0003015371981420176
2017-12-16,14.1,32.6,0.0,24.0,57,0.0,WNW,6,1014.2,31.1,31.0,8.0,W,19,1011.8,SUMMER,-7.1,26.0,-8.0,-13,2.4,18.5,1.6,True,LIGHT,False,0.006234054810303679,0.0003015371981420176
2017-12-17,16.3,31.6,1.6,20.6,68,1.0,ENE,15,1017.0,30.1,42.0,1.0,NW,11,1013.3,SUMMER,-9.5,26.0,0.0,4,3.7,15.3,0.2,True,LIGHT,False,0.006234054810303679,0.0003015371981420176
2017-12-18,16.4,32.6,0.2,20.5,75,1.0,NNE,7,1013.7,29.6,43.0,1.0,WNW,19,1009.2,SUMMER,-9.1,32.0,0.0,-12,4.5,16.2,0.0,False,NONE,False,0.0009136951881345652,0.0003015371981420176
2017-12-19,18.0,34.3,0.0,25.2,47,7.0,S,7,1009.2,33.2,34.0,0.0,NW,22,1004.9,SUMMER,-8.0,13.0,7.0,-15,4.3,16.3,0.2,True,LIGHT,False,0.006234054810303679,0.0003015371981420176
2017-12-20,22.8,27.5,0.2,26.3,51,8.0,WNW,17,1006.3,18.6,80.0,8.0,N,15,1010.5,SUMMER,7.7,-29.0,0.0,2,-4.2,4.7,1.6,True,LIGHT,False,0.006234054810303679,0.0003015371981420176
2017-12-21,9.4,26.7,1.6,17.9,69,0.0,W,7,1017.6,24.5,44.0,8.0,N,13,1015.3,SUMMER,-6.6,25.0,-8.0,-6,2.3,17.3,0.0,False,NONE,False,0.0009136951881345652,0.0003015371981420176
2017-12-22,12.5,29.5,0.0,19.4,69,8.0,WSW,6,1016.4,27.4,32.0,8.0,W,15,1012.1,SUMMER,-8.0,37.0,0.0,-9,4.3,17.0,0.0,False,NONE,False,0.0009136951881345652,0.0003015371981420176
2017-12-23,11.9,31.8,0.0,20.4,72,0.0,NNE,6,1012.6,30.1,16.0,1.0,NW,20,1009.0,SUMMER,-9.7,56.0,-1.0,-14,3.6,19.9,0.0,False,NONE,False,0.0009136951881345652,0.0003015371981420176
2017-12-24,13.2,34.8,0.0,20.6,47,7.0,SSE,9,1008.5,34.0,14.0,3.0,NW,31,1005.8,SUMMER,-13.4,33.0,4.0,-22,2.7,21.6,0.0,False,NONE,False,0.0009136951881345652,0.0003015371981420176
2017-12-25,13.4,23.0,0.0,15.0,66,8.0,ESE,15,1015.5,21.9,47.0,6.0,ESE,22,1014.7,SUMMER,-6.9,19.0,2.0,-7,0.8,9.6,0.0,False,NONE,False,0.0009136951881345652,0.0003015371981420176
2017-12-26,10.8,22.4,0.0,18.3,57,3.0,E,20,1018.7,21.8,48.0,8.0,E,24,1016.6,SUMMER,-3.5,9.0,-5.0,-4,2.1,11.6,0.0,False,NONE,False,0.0009136951881345652,0.0003015371981420176
2017-12-27,15.8,29.1,0.0,18.9,68,8.0,N,7,1018.1,26.4,37.0,1.0,NNW,13,1013.9,SUMMER,-7.5,31.0,7.0,-6,4.2,13.3,0.0,False,NONE,False,0.0009136951881345652,0.0003015371981420176
2017-12-28,12.9,32.4,0.0,20.1,70,1.0,NW,7,1016.1,32.4,31.0,1.0,NNW,20,1013.1,SUMMER,-12.3,39.0,0.0,-13,3.0,19.5,0.0,False,NONE,False,0.0009136951881345652,0.0003015371981420176
2017-12-29,18.3,33.4,0.0,24.7,56,7.0,SW,9,1013.3,31.3,33.0,8.0,W,26,1008.8,SUMMER,-6.6,23.0,-1.0,-17,4.5,15.1,16.4,True,HEAVY,True,0.006234054810303679,0.018889960899812114
2017-12-30,18.6,28.3,16.4,22.8,70,6.0,NW,28,1005.0,27.8,33.0,0.0,WNW,30,1004.3,SUMMER,-5.0,37.0,6.0,-2,0.7,9.7,0.0,False,NONE,False,0.0009136951881345652,0.0003015371981420176
2017-12-31,14.9,27.9,0.0,19.7,65,0.0,NE,19,1010.8,26.2,37.0,1.0,NNW,17,1007.4,SUMMER,-6.5,28.0,-1.0,2,3.4,13.0,0.0,False,NONE,False,0.0009136951881345652,0.0003015371981420176
2018-01-1,11.6,30.2,0.0,19.2,72,0.0,E,9,1007.0,27.7,23.0,0.0,NNE,11,1003.7,SUMMER,-8.5,49.0,0.0,-2,3.3,18.6,0.0,False,NONE,False,0.0009136951881345652,0.0003015371981420176
2018-01-2,12.4,30.2,0.0,19.5,64,0.0,NE,7,1006.1,28.8,27.0,0.0,W,28,1002.4,SUMMER,-9.3,37.0,0.0,-21,3.7,17.8,0.0,False,NONE,False,0.0009136951881345652,0.0003015371981420176
2018-01-3,13.6,26.9,0.0,18.4,65,0.0,ENE,13,1009.6,25.4,37.0,4.0,N,11,1008.8,SUMMER,-7.0,28.0,-4.0,2,0.8,13.3,0.0,False,NONE,False,0.0009136951881345652,0.0003015371981420176
2018-01-4,10.7,29.7,0.0,16.3,72,8.0,SSE,6,1015.8,27.2,38.0,0.0,NNW,7,1012.3,SUMMER,-10.9,34.0,8.0,-1,3.5,19.0,0.0,False,NONE,False,0.0009136951881345652,0.0003015371981420176
2018-01-5,11.1,34.0,0.0,21.2,46,0.0,SSE,7,1015.9,33.2,21.0,0.0,W,20,1012.5,SUMMER,-12.0,25.0,0.0,-13,3.4,22.9,0.0,False,NONE,False,0.0009136951881345652,0.0003015371981420176
2018-01-6,14.1,37.2,0.0,22.6,60,0.0,W,6,1016.2,35.8,19.0,0.0,W,30,1012.1,SUMMER,-13.2,41.0,0.0,-24,4.1,23.1,0.0,False,NONE,False,0.0009136951881345652,0.0003015371981420176
2018-01-7,15.3,40.6,0.0,28.6,37,0.0,WNW,4,1014.2,37.4,17.0,1.0,NNW,31,1010.6,SUMMER,-8.8,20.0,-1.0,-27,3.6,25.3,0.0,False,NONE,False,0.0009136951881345652,0.0003015371981420176
2018-01-8,22.6,32.8,0.0,25.4,54,8.0,WNW,6,1013.9,31.8,35.0,5.0,WNW,19,1011.5,SUMMER,-6.4,19.0,3.0,-13,2.4,10.2,0.2,True,LIGHT,False,0.006234054810303679,0.0003015371981420176
2018-01-9,18.5,32.0,0.2,22.3,65,2.0,WNW,6,1012.4,30.9,36.0,3.0,NW,28,1009.4,SUMMER,-8.6,29.0,-1.0,-22,3.0,13.5,5.0,True,MODERATE,True,0.006234054810303679,0.018889960899812114
2018-01-10,15.6,26.0,5.0,17.0,80,8.0,ENE,15,1018.1,25.4,45.0,1.0,NNE,13,1015.7,SUMMER,-8.4,35.0,7.0,2,2.4,10.4,0.0,False,NONE,False,0.0009136951881345652,0.0003015371981420176
2018-01-11,15.1,32.0,0.0,18.8,64,8.0,SE,9,1017.0,29.5,43.0,7.0,NNW,17,1013.6,SUMMER,-10.7,21.0,1.0,-8,3.4,16.9,0.0,False,NONE,False,0.0009136951881345652,0.0003015371981420176
2018-01-12,17.9,35.0,0.0,21.4,75,8.0,ESE,4,1012.1,32.3,35.0,8.0,N,26,1006.3,SUMMER,-10.9,40.0,0.0,-22,5.8,17.1,3.0,True,MODERATE,True,0.006234054810303679,0.018889960899812114
2018-01-13,19.2,24.8,3.0,21.5,79,8.0,NNW,31,1000.3,23.5,35.0,0.0,WNW,31,1001.1,SUMMER,-2.0,44.0,8.0,0,-0.8,5.6,4.6,True,MODERATE,True,0.006234054810303679,0.018889960899812114
2018-01-14,9.1,20.4,4.6,14.0,55,3.0,SSE,24,1008.9,17.8,45.0,7.0,S,30,1011.4,SUMMER,-3.8,10.0,-4.0,-6,-2.5,11.3,0.0,False,NONE,False,0.0009136951881345652,0.0003015371981420176
2018-01-15,8.3,26.0,0.0,13.4,59,8.0,S,26,1016.0,24.6,43.0,0.0,SSE,30,1013.7,SUMMER,-11.2,16.0,8.0,-4,2.3,17.7,0.0,False,NONE,False,0.0009136951881345652,0.0003015371981420176
2018-01-16,10.9,25.4,0.0,15.5,49,0.0,SE,9,1020.2,24.4,27.0,0.0,S,24,1017.1,SUMMER,-8.9,22.0,0.0,-15,3.1,14.5,0.0,False,NONE,False,0.0009136951881345652,0.0003015371981420176
2018-01-17,7.2,30.3,0.0,16.3,50,0.0,ESE,15,1019.1,27.3,12.0,0.0,W,13,1015.8,SUMMER,-11.0,38.0,0.0,2,3.3,23.1,0.0,False,NONE,False,0.0009136951881345652,0.0003015371981420176
2018-01-18,8.4,34.5,0.0,18.2,54,0.0,WSW,7,1019.1,32.1,18.0,0.0,NW,9,1015.0,SUMMER,-13.9,36.0,0.0,-2,4.1,26.1,0.0,False,NONE,False,0.0009136951881345652,0.0003015371981420176
2018-01-19,11.0,38.6,0.0,22.6,29,0.0,SE,9,1016.9,37.5,10.0,0.0,S,13,1012.6,SUMMER,-14.9,19.0,0.0,-4,4.3,27.6,0.0,False,NONE,False,0.0009136951881345652,0.0003015371981420176
2018-01-20,13.4,39.2,0.0,25.1,28,0.0,S,9,1015.5,38.0,8.0,0.0,ENE,26,1011.7,SUMMER,-12.9,20.0,0.0,-17,3.8,25.8,0.0,False,NONE,False,0.0009136951881345652,0.0003015371981420176
2018-01-21,12.3,39.0,0.0,25.2,30,0.0,W,4,1013.2,37.3,8.0,0.0,NW,22,1008.9,SUMMER,-12.1,22.0,0.0,-18,4.3,26.7,0.0,False,NONE,False,0.0009136951881345652,0.0003015371981420176
2018-01-22,14.9,32.9,0.0,23.5,45,8.0,CALM,0,1010.3,32.0,21.0,8.0,WNW,9,1009.3,SUMMER,-8.5,24.0,0.0,-9,1.0,18.0,0.0,False,NONE,False,0.0009136951881345652,0.0003015371981420176
2018-01-23,20.4,37.0,0.0,24.9,46,7.0,SSW,7,1012.0,36.1,19.0,0.0,W,22,1008.6,SUMMER,-11.2,27.0,7.0,-15,3.4,16.6,7.4,True,HEAVY,True,0.006234054810303679,0.018889960899812114
2018-01-24,18.5,26.2,7.4,21.4,80,7.0,W,11,1010.9,25.2,57.0,7.0,S,6,1011.3,SUMMER,-3.8,23.0,0.0,5,-0.4,7.7,0.8,True,LIGHT,False,0.006234054810303679,0.0003015371981420176
2018-01-25,17.8,31.7,0.8,21.8,70,3.0,SE,7,1012.2,30.3,36.0,4.0,SSW,20,1009.7,SUMMER,-8.5,34.0,-1.0,-13,2.5,13.9,0.0,False,NONE,False,0.0009136951881345652,0.0003015371981420176
2018-01-26,16.6,32.9,0.0,23.4,71,0.0,NW,6,1012.1,29.7,37.0,3.0,SW,24,1009.1,SUMMER,-6.3,34.0,-3.0,-18,3.0,16.3,0.0,False,NONE,False,0.0009136951881345652,0.0003015371981420176
2018-01-27,17.7,29.7,0.0,23.1,69,8.0,WSW,7,1013.8,28.5,42.0,8.0,W,15,1011.3,SUMMER,-5.4,27.0,0.0,-8,2.5,12.0,0.0,False,NONE,False,0.0009136951881345652,0.0003015371981420176
2018-01-28,21.2,32.2,0.0,24.2,67,8.0,ENE,13,1014.1,30.5,43.0,8.0,NE,15,1010.2,SUMMER,-6.3,24.0,0.0,-2,3.9,11.0,0.0,False,NONE,False,0.0009136951881345652,0.0003015371981420176
2018-01-29,14.4,33.8,0.0,21.1,67,0.0,SSW,7,1013.6,33.2,24.0,0.0,WNW,17,1008.6,SUMMER,-12.1,43.0,0.0,-10,5.0,19.4,0.0,False,NONE,False,0.0009136951881345652,0.0003015371981420176
2018-01-30,15.2,33.3,0.0,22.3,68,0.0,NNW,6,1007.3,30.8,33.0,8.0,WSW,24,1002.9,SUMMER,-8.5,35.0,-8.0,-18,4.4,18.1,17.0,True,HEAVY,True,0.006234054810303679,0.018889960899812114
2018-01-31,12.8,25.5,17.0,14.4,68,7.0,SSE,19,1008.3,22.9,32.0,0.0,SE,13,1006.2,SUMMER,-8.5,36.0,7.0,6,2.1,12.7,0.0,False,NONE,False,0.0009136951881345652,0.0003015371981420176
2018-02-1,6.9,22.2,0.0,13.6,53,0.0,SSE,17,1014.4,20.5,36.0,6.0,ESE,19,1012.9,SUMMER,-6.9,17.0,-6.0,-2,1.5,15.3,0.0,False,NONE,False,0.0009136951881345652,0.0003015371981420176
2018-02-2,7.3,25.6,0.0,15.2,64,1.0,SSW,9,1017.4,24.4,33.0,6.0,N,7,1014.3,SUMMER,-9.2,31.0,-5.0,2,3.1,18.3,0.0,False,NONE,False,0.0009136951881345652,0.0003015371981420176
2018-02-3,10.4,24.8,0.0,16.7,58,3.0,SSE,15,1020.6,23.3,38.0,8.0,SE,19,1018.6,SUMMER,-6.6,20.0,-5.0,-4,2.0,14.4,0.0,False,NONE,False,0.0009136951881345652,0.0003015371981420176
2018-02-4,12.3,27.4,0.0,17.6,55,0.0,SE,11,1023.2,25.9,33.0,2.0,NNE,26,1019.3,SUMMER,-8.3,22.0,-2.0,-15,3.9,15.1,0.0,False,NONE,False,0.0009136951881345652,0.0003015371981420176
2018-02-5,9.9,30.8,0.0,17.3,70,0.0,CALM,0,1020.7,28.5,29.0,0.0,WNW,17,1016.1,SUMMER,-11.2,41.0,0.0,-17,4.6,20.9,0.0,False,NONE,False,0.0009136951881345652,0.0003015371981420176
2018-02-6,12.0,28.2,0.0,16.1,59,7.0,S,6,1020.0,26.7,29.0,1.0,W,19,1017.4,SUMMER,-10.6,30.0,6.0,-13,2.6,16.2,0.0,False,NONE,False,0.0009136951881345652,0.0003015371981420176
2018-02-7,12.6,32.5,0.0,18.7,68,0.0,SSE,6,1020.7,30.2,25.0,8.0,NW,17,1017.0,SUMMER,-11.5,43.0,-8.0,-11,3.7,19.9,0.0,False,NONE,False,0.0009136951881345652,0.0003015371981420176
2018-02-8,14.2,35.4,0.0,21.9,57,0.0,WNW,4,1018.5,34.3,22.0,4.0,NW,20,1013.7,SUMMER,-12.4,35.0,-4.0,-16,4.8,21.2,0.0,False,NONE,False,0.0009136951881345652,0.0003015371981420176
2018-02-9,20.1,36.0,0.0,25.9,43,1.0,NNE,6,1014.2,31.2,34.0,5.0,ESE,28,1011.0,SUMMER,-5.3,9.0,-4.0,-22,3.2,15.9,2.0,True,LIGHT,False,0.006234054810303679,0.0003015371981420176
2018-02-10,12.1,34.5,2.0,19.6,70,0.0,SE,7,1011.3,33.5,23.0,0.0,NW,24,1005.7,SUMMER,-13.9,47.0,0.0,-17,5.6,22.4,0.4,True,LIGHT,False,0.006234054810303679,0.0003015371981420176
2018-02-11,13.7,32.8,0.4,23.3,57,0.0,NE,9,1004.1,31.5,14.0,0.0,W,24,1001.8,SUMMER,-8.2,43.0,0.0,-15,2.3,19.1,0.0,False,NONE,False,0.0009136951881345652,0.0003015371981420176
2018-02-12,14.4,30.0,0.0,18.1,68,2.0,NE,11,1007.6,29.1,18.0,0.0,NW,28,1005.4,SUMMER,-11.0,50.0,2.0,-17,2.2,15.6,0.0,False,NONE,False,0.0009136951881345652,0.0003015371981420176
2018-02-13,16.5,31.2,0.0,18.5,72,7.0,ENE,11,1012.2,28.1,30.0,1.0,N,9,1008.2,SUMMER,-9.6,42.0,6.0,2,4.0,14.7,0.0,False,NONE,False,0.0009136951881345652,0.0003015371981420176
2018-02-14,12.6,31.9,0.0,19.6,76,0.0,N,4,1008.1,31.0,15.0,0.0,W,48,1005.2,SUMMER,-11.4,61.0,0.0,-44,2.9,19.3,0.0,False,NONE,False,0.0009136951881345652,0.0003015371981420176
2018-02-15,8.9,29.8,0.0,16.7,69,0.0,NNW,7,1014.0,29.1,9.0,0.0,WNW,33,1010.1,SUMMER,-12.4,60.0,0.0,-26,3.9,20.9,0.0,False,NONE,False,0.0009136951881345652,0.0003015371981420176
2018-02-16,15.7,29.7,0.0,20.2,35,0.0,NW,15,1010.7,28.1,23.0,0.0,WNW,33,1008.8,SUMMER,-7.9,12.0,0.0,-18,1.9,14.0,0.0,False,NONE,False,0.0009136951881345652,0.0003015371981420176
2018-02-17,12.3,32.0,0.0,18.7,66,0.0,NW,7,1014.1,29.4,20.0,0.0,NNW,15,1009.7,SUMMER,-10.7,46.0,0.0,-8,4.4,19.7,0.0,False,NONE,False,0.0009136951881345652,0.0003015371981420176
2018-02-18,12.7,34.1,0.0,19.6,62,0.0,ESE,6,1012.4,32.4,14.0,0.0,NW,19,1009.1,SUMMER,-12.8,48.0,0.0,-13,3.3,21.4,0.0,False,NONE,False,0.0009136951881345652,0.0003015371981420176
2018-02-19,18.0,26.5,0.0,21.8,68,8.0,E,9,1012.9,21.9,57.0,7.0,SE,28,1012.4,SUMMER,-0.1,11.0,1.0,-19,0.5,8.5,0.0,False,NONE,False,0.0009136951881345652,0.0003015371981420176
2018-02-20,13.6,21.7,0.0,15.3,53,4.0,SE,28,1019.3,21.0,40.0,1.0,ESE,28,1017.5,SUMMER,-5.7,13.0,3.0,0,1.8,8.1,0.0,False,NONE,False,0.0009136951881345652,0.0003015371981420176
2018-02-21,9.0,25.8,0.0,15.2,59,8.0,E,7,1018.8,24.7,27.0,0.0,NNW,9,1014.7,SUMMER,-9.5,32.0,8.0,-2,4.1,16.8,0.0,False,NONE,False,0.0009136951881345652,0.0003015371981420176
2018-02-22,14.0,27.8,0.0,16.9,70,2.0,NE,6,1016.3,26.2,20.0,6.0,SW,11,1013.6,SUMMER,-9.3,50.0,-4.0,-5,2.7,13.8,0.0,False,NONE,False,0.0009136951881345652,0.0003015371981420176
2018-02-23,14.2,32.5,0.0,18.4,69,8.0,ESE,7,1015.6,30.5,23.0,0.0,W,19,1011.2,SUMMER,-12.1,46.0,8.0,-12,4.4,18.3,0.0,False,NONE,False,0.0009136951881345652,0.0003015371981420176
2018-02-24,15.9,35.1,0.0,26.4,44,1.0,NW,22,1009.7,32.7,33.0,3.0,NW,37,1004.6,SUMMER,-6.3,11.0,-2.0,-15,5.1,19.2,19.6,True,HEAVY,True,0.006234054810303679,0.018889960899812114
2018-02-25,17.1,17.1,19.6,17.1,99,8.0,ESE,20,1005.1,15.7,84.0,8.0,SE,15,1008.2,SUMMER,1.4,15.0,0.0,5,-3.1,0.0,64.4,True,VIOLENT,True,0.006234054810303679,0.018889960899812114
2018-02-26,11.5,21.7,64.4,13.5,89,8.0,S,9,1014.2,21.0,57.0,8.0,E,28,1013.8,SUMMER,-7.5,32.0,0.0,-19,0.4,10.2,0.0,False,NONE,False,0.0009136951881345652,0.0003015371981420176
2018-02-27,10.6,25.5,0.0,15.1,69,0.0,S,9,1018.3,24.3,44.0,0.0,N,11,1014.8,SUMMER,-9.2,25.0,0.0,-2,3.5,14.9,0.0,False,NONE,False,0.0009136951881345652,0.0003015371981420176
2018-02-28,10.7,30.4,0.0,13.1,99,8.0,NE,4,1012.2,29.4,33.0,0.0,WNW,28,1007.5,SUMMER,-16.3,66.0,8.0,-24,4.7,19.7,0.0,False,NONE,False,0.0009136951881345652,0.0003015371981420176
2018-03-1,12.7,27.1,0.0,18.0,61,0.0,SE,11,1011.4,25.9,33.0,0.0,SE,13,1010.6,AUTUMN,-7.9,28.0,0.0,-2,0.8,14.4,0.0,False,NONE,False,0.0009136951881345652,0.0003015371981420176
2018-03-2,14.9,25.0,0.0,17.3,66,5.0,SSE,11,1014.8,23.1,47.0,5.0,NNW,13,1011.7,AUTUMN,-5.8,19.0,0.0,-2,3.1,10.1,0.0,False,NONE,False,0.0009136951881345652,0.0003015371981420176
2018-03-3,13.9,30.9,0.0,18.4,76,1.0,N,6,1011.0,29.0,38.0,0.0,NW,11,1007.8,AUTUMN,-10.6,38.0,1.0,-5,3.2,17.0,0.0,False,NONE,False,0.0009136951881345652,0.0003015371981420176
2018-03-4,13.2,30.4,0.0,20.5,55,1.0,SSE,13,1012.3,27.9,45.0,1.0,NNE,19,1010.2,AUTUMN,-7.4,10.0,0.0,-6,2.1,17.2,0.0,False,NONE,False,0.0009136951881345652,0.0003015371981420176
2018-03-5,16.5,24.6,0.0,18.4,76,8.0,ENE,11,1014.7,23.0,56.0,2.0,NNE,20,1013.4,AUTUMN,-4.6,20.0,6.0,-9,1.3,8.1,0.0,False,NONE,False,0.0009136951881345652,0.0003015371981420176
2018-03-6,9.9,21.5,0.0,15.1,63,1.0,SSE,19,1023.6,18.9,57.0,7.0,ESE,31,1024.0,AUTUMN,-3.8,6.0,-6.0,-12,-0.4,11.6,0.2,True,LIGHT,False,0.006234054810303679,0.0003015371981420176
2018-03-7,8.9,23.3,0.2,14.7,89,8.0,SE,9,1026.8,22.9,41.0,4.0,E,17,1024.9,AUTUMN,-8.2,48.0,4.0,-8,1.9,14.4,0.0,False,NONE,False,0.0009136951881345652,0.0003015371981420176
2018-03-8,7.6,25.5,0.0,12.6,73,0.0,SE,9,1026.6,24.0,38.0,0.0,E,13,1023.3,AUTUMN,-11.4,35.0,0.0,-4,3.3,17.9,0.0,False,NONE,False,0.0009136951881345652,0.0003015371981420176
2018-03-9,8.9,26.3,0.0,14.1,76,0.0,SE,9,1028.1,25.0,39.0,0.0,NNE,13,1023.9,AUTUMN,-10.9,37.0,0.0,-4,4.2,17.4,0.0,False,NONE,False,0.0009136951881345652,0.0003015371981420176
2018-03-10,9.2,27.2,0.0,16.3,70,0.0,SE,2,1028.0,25.3,40.0,0.0,NW,9,1024.0,AUTUMN,-9.0,30.0,0.0,-7,4.0,18.0,0.0,False,NONE,False,0.0009136951881345652,0.0003015371981420176
2018-03-11,9.9,31.5,0.0,15.4,81,0.0,ESE,7,1024.2,30.3,23.0,0.0,NE,7,1019.2,AUTUMN,-14.9,58.0,0.0,0,5.0,21.6,0.0,False,NONE,False,0.0009136951881345652,0.0003015371981420176
2018-03-12,10.7,29.8,0.0,17.8,63,0.0,WSW,6,1018.4,28.6,29.0,0.0,NW,11,1013.7,AUTUMN,-10.8,34.0,0.0,-5,4.7,19.1,0.0,False,NONE,False,0.0009136951881345652,0.0003015371981420176
2018-03-13,14.7,21.6,0.0,14.7,75,8.0,SSE,15,1019.8,20.0,61.0,1.0,NE,7,1018.7,AUTUMN,-5.3,14.0,7.0,8,1.1,6.9,0.0,False,NONE,False,0.0009136951881345652,0.0003015371981420176
2018-03-14,14.4,26.9,0.0,16.4,76,8.0,SSE,2,1020.3,24.8,47.0,0.0,N,15,1015.0,AUTUMN,-8.4,29.0,8.0,-13,5.3,12.5,0.0,False,NONE,False,0.0009136951881345652,0.0003015371981420176
2018-03-15,11.2,29.2,0.0,14.5,99,8.0,NE,6,1013.0,28.4,17.0,0.0,WNW,22,1010.7,AUTUMN,-13.9,82.0,8.0,-16,2.3,18.0,0.0,False,NONE,False,0.0009136951881345652,0.0003015371981420176
2018-03-16,14.0,27.1,0.0,17.2,73,8.0,E,11,1017.7,25.1,41.0,0.0,N,13,1014.5,AUTUMN,-7.9,32.0,8.0,-2,3.2,13.1,0.8,True,LIGHT,False,0.006234054810303679,0.0003015371981420176
2018-03-17,13.5,30.2,0.8,18.8,63,0.0,WNW,9,1016.3,29.7,32.0,0.0,W,26,1013.7,AUTUMN,-10.9,31.0,0.0,-17,2.6,16.7,0.0,False,NONE,False,0.0009136951881345652,0.0003015371981420176
2018-03-18,11.5,33.7,0.0,19.5,56,0.0,S,4,1011.3,31.4,21.0,1.0,WNW,48,1007.4,AUTUMN,-11.9,35.0,-1.0,-44,3.9,22.2,0.0,False,NONE,False,0.0009136951881345652,0.0003015371981420176
2018-03-19,5.8,27.3,0.0,13.9,55,0.0,S,7,1016.1,26.1,15.0,0.0,NNW,35,1014.2,AUTUMN,-12.2,40.0,0.0,-28,1.9,21.5,0.0,False,NONE,False,0.0009136951881345652,0.0003015371981420176
2018-03-20,5.2,25.2,0.0,14.4,47,0.0,ESE,9,1022.0,23.9,44.0,4.0,ESE,22,1021.3,AUTUMN,-9.5,3.0,-4.0,-13,0.7,20.0,0.0,False,NONE,False,0.0009136951881345652,0.0003015371981420176
2018-03-21,12.7,19.8,0.0,14.9,67,8.0,SE,26,1029.1,16.6,58.0,8.0,ESE,31,1028.3,AUTUMN,-1.7,9.0,0.0,-5,0.8,7.1,0.0,False,NONE,False,0.0009136951881345652,0.0003015371981420176
2018-03-22,10.4,19.6,0.0,13.7,77,8.0,SSE,17,1028.6,16.7,81.0,8.0,ESE,19,1026.3,AUTUMN,-3.0,-4.0,0.0,-2,2.3,9.2,0.2,True,LIGHT,False,0.006234054810303679,0.0003015371981420176
2018-03-23,10.9,22.3,0.2,15.1,74,6.0,SSE,9,1025.1,20.6,55.0,8.0,E,17,1021.3,AUTUMN,-5.5,19.0,-2.0,-8,3.8,11.4,0.0,False,NONE,False,0.0009136951881345652,0.0003015371981420176
2018-03-24,9.3,27.1,0.0,15.3,83,2.0,SSE,2,1019.1,24.9,49.0,2.0,WNW,20,1014.3,AUTUMN,-9.6,34.0,0.0,-18,4.8,17.8,0.0,False,NONE,False,0.0009136951881345652,0.0003015371981420176
2018-03-25,11.2,25.0,0.0,21.8,54,7.0,NNW,31,1007.5,20.2,42.0,8.0,W,30,1005.8,AUTUMN,1.6,12.0,-1.0,1,1.7,13.8,6.0,True,MODERATE,True,0.006234054810303679,0.018889960899812114
2018-03-26,10.8,17.6,6.0,11.6,48,0.0,W,31,1007.5,17.1,34.0,0.0,WNW,30,1007.8,AUTUMN,-5.5,14.0,0.0,1,-0.3,6.8,0.0,False,NONE,False,0.0009136951881345652,0.0003015371981420176
2018-03-27,1.7,22.9,0.0,7.0,77,0.0,SE,9,1018.0,21.3,29.0,1.0,NE,15,1015.5,AUTUMN,-14.3,48.0,-1.0,-6,2.5,21.2,0.0,False,NONE,False,0.0009136951881345652,0.0003015371981420176
2018-03-28,7.0,28.3,0.0,15.1,81,8.0,SSW,4,1017.2,25.3,24.0,5.0,N,15,1014.5,AUTUMN,-10.2,57.0,3.0,-11,2.7,21.3,0.0,False,NONE,False,0.0009136951881345652,0.0003015371981420176
2018-03-29,7.6,31.2,0.0,15.4,53,0.0,ESE,7,1017.6,30.7,21.0,5.0,WSW,17,1013.4,AUTUMN,-15.3,32.0,-5.0,-10,4.2,23.6,0.0,False,NONE,False,0.0009136951881345652,0.0003015371981420176
2018-03-30,5.9,30.4,0.0,13.8,65,0.0,N,9,1014.5,29.8,9.0,0.0,WNW,26,1012.1,AUTUMN,-16.0,56.0,0.0,-17,2.4,24.5,0.0,False,NONE,False,0.0009136951881345652,0.0003015371981420176
2018-03-31,8.5,27.5,0.0,14.4,84,0.0,SSE,6,1019.9,25.3,37.0,0.0,N,11,1015.9,AUTUMN,-10.9,47.0,0.0,-5,4.0,19.0,0.0,False,NONE,False,0.0009136951881345652,0.0003015371981420176
2018-04-1,9.1,29.1,0.0,13.2,100,0.0,W,6,1016.9,27.4,23.0,1.0,WNW,26,1014.3,AUTUMN,-14.2,77.0,-1.0,-20,2.6,20.0,0.0,False,NONE,False,0.0009136951881345652,0.0003015371981420176
2018-04-2,11.7,29.9,0.0,20.5,40,0.0,CALM,0,1016.5,29.3,19.0,2.0,WSW,20,1014.1,AUTUMN,-8.8,21.0,-2.0,-20,2.4,18.2,0.0,False,NONE,False,0.0009136951881345652,0.0003015371981420176
2018-04-3,12.1,24.3,0.0,17.1,72,8.0,ENE,17,1023.2,23.2,44.0,0.0,NNW,13,1019.6,AUTUMN,-6.1,28.0,8.0,4,3.6,12.2,0.0,False,NONE,False,0.0009136951881345652,0.0003015371981420176
2018-04-4,14.5,27.2,0.0,18.1,62,0.0,E,15,1022.5,26.6,30.0,0.0,NNW,7,1018.0,AUTUMN,-8.5,32.0,0.0,8,4.5,12.7,0.0,False,NONE,False,0.0009136951881345652,0.0003015371981420176
2018-04-5,10.1,28.9,0.0,18.1,70,0.0,WNW,2,1018.8,27.8,32.0,0.0,WNW,19,1014.7,AUTUMN,-9.7,38.0,0.0,-17,4.1,18.8,0.0,False,NONE,False,0.0009136951881345652,0.0003015371981420176
2018-04-6,9.2,29.8,0.0,19.4,55,0.0,NNW,2,1019.3,28.7,14.0,0.0,W,22,1016.2,AUTUMN,-9.3,41.0,0.0,-20,3.1,20.6,0.0,False,NONE,False,0.0009136951881345652,0.0003015371981420176
2018-04-7,13.5,29.1,0.0,18.9,74,2.0,N,7,1021.0,28.3,10.0,0.0,WNW,20,1017.4,AUTUMN,-9.4,64.0,2.0,-13,3.6,15.6,0.0,False,NONE,False,0.0009136951881345652,0.0003015371981420176
2018-04-8,5.9,29.8,0.0,13.3,80,0.0,NNW,7,1021.9,29.6,17.0,0.0,W,28,1017.1,AUTUMN,-16.3,63.0,0.0,-21,4.8,23.9,0.0,False,NONE,False,0.0009136951881345652,0.0003015371981420176
2018-04-9,6.5,30.7,0.0,16.4,39,0.0,E,4,1020.0,30.0,18.0,1.0,WSW,24,1016.1,AUTUMN,-13.6,21.0,-1.0,-20,3.9,24.2,0.0,False,NONE,False,0.0009136951881345652,0.0003015371981420176
2018-04-10,9.3,26.6,0.0,15.3,80,6.0,SW,6,1023.5,25.6,39.0,2.0,NW,9,1019.4,AUTUMN,-10.3,41.0,4.0,-3,4.1,17.3,0.0,False,NONE,False,0.0009136951881345652,0.0003015371981420176
2018-04-11,9.1,31.8,0.0,18.2,65,0.0,ESE,4,1022.7,30.3,24.0,0.0,NW,22,1018.5,AUTUMN,-12.1,41.0,0.0,-18,4.2,22.7,0.0,False,NONE,False,0.0009136951881345652,0.0003015371981420176
2018-04-12,10.2,30.3,0.0,21.5,49,0.0,NNE,7,1018.8,30.0,24.0,0.0,NW,37,1012.9,AUTUMN,-8.5,25.0,0.0,-30,5.9,20.1,0.0,False,NONE,False,0.0009136951881345652,0.0003015371981420176
2018-04-13,17.2,28.3,0.0,20.8,42,1.0,NW,28,1013.9,26.9,30.0,2.0,NNW,28,1009.4,AUTUMN,-6.1,12.0,-1.0,0,4.5,11.1,12.0,True,HEAVY,True,0.006234054810303679,0.018889960899812114
2018-04-14,13.9,20.2,12.0,16.3,60,0.0,NNW,28,1005.5,18.8,45.0,8.0,NW,24,1000.5,AUTUMN,-2.5,15.0,-8.0,4,5.0,6.3,2.4,True,MODERATE,True,0.006234054810303679,0.018889960899812114
2018-04-15,9.7,18.2,2.4,11.1,68,7.0,NW,22,1006.0,13.7,69.0,8.0,NW,30,1007.0,AUTUMN,-2.6,-1.0,-1.0,-8,-1.0,8.5,0.0,False,NONE,False,0.0009136951881345652,0.0003015371981420176
2018-04-16,11.0,18.8,0.0,17.2,66,8.0,NW,30,1013.0,17.6,63.0,1.0,NW,35,1012.7,AUTUMN,-0.4,3.0,7.0,-5,0.3,7.8,0.0,False,NONE,False,0.0009136951881345652,0.0003015371981420176
2018-04-17,7.1,23.0,0.0,14.4,73,0.0,CALM,0,1021.7,22.1,34.0,0.0,WNW,9,1019.9,AUTUMN,-7.7,39.0,0.0,-9,1.8,15.9,0.0,False,NONE,False,0.0009136951881345652,0.0003015371981420176
2018-04-18,8.5,21.9,0.0,12.8,75,8.0,SSW,7,1026.3,21.1,41.0,0.0,NNW,7,1021.1,AUTUMN,-8.3,34.0,8.0,0,5.2,13.4,0.0,False,NONE,False,0.0009136951881345652,0.0003015371981420176
2018-04-19,5.2,24.2,0.0,11.2,83,2.0,CALM,0,1022.3,23.0,47.0,0.0,NW,13,1018.2,AUTUMN,-11.8,36.0,2.0,-13,4.1,19.0,0.0,False,NONE,False,0.0009136951881345652,0.0003015371981420176
2018-04-20,6.8,25.3,0.0,15.0,67,0.0,S,9,1022.8,24.5,32.0,0.0,SSW,2,1019.1,AUTUMN,-9.5,35.0,0.0,7,3.7,18.5,0.0,False,NONE,False,0.0009136951881345652,0.0003015371981420176
2018-04-21,6.0,23.6,0.0,14.0,79,0.0,S,9,1024.7,22.6,42.0,0.0,NNE,13,1020.5,AUTUMN,-8.6,37.0,0.0,-4,4.2,17.6,0.0,False,NONE,False,0.0009136951881345652,0.0003015371981420176
2018-04-22,10.8,19.5,0.0,14.5,76,1.0,NE,6,1024.5,18.2,64.0,8.0,SW,9,1021.5,AUTUMN,-3.7,12.0,-7.0,-3,3.0,8.7,0.2,True,LIGHT,False,0.006234054810303679,0.0003015371981420176
2018-04-23,5.4,24.2,0.2,12.9,76,0.0,CALM,0,1022.4,23.3,32.0,0.0,WSW,9,1018.9,AUTUMN,-10.4,44.0,0.0,-9,3.5,18.8,0.0,False,NONE,False,0.0009136951881345652,0.0003015371981420176
2018-04-24,4.4,26.0,0.0,13.2,71,0.0,ESE,4,1021.4,25.6,32.0,0.0,NNW,13,1016.6,AUTUMN,-12.4,39.0,0.0,-9,4.8,21.6,0.0,False,NONE,False,0.0009136951881345652,0.0003015371981420176
2018-04-25,5.6,27.0,0.0,16.4,57,0.0,WNW,6,1018.3,25.7,24.0,0.0,NW,9,1013.6,AUTUMN,-9.3,33.0,0.0,-3,4.7,21.4,0.0,False,NONE,False,0.0009136951881345652,0.0003015371981420176
2018-04-26,7.1,23.7,0.0,13.7,78,0.0,NNW,7,1017.3,23.0,24.0,0.0,NNE,11,1014.8,AUTUMN,-9.3,54.0,0.0,-4,2.5,16.6,0.0,False,NONE,False,0.0009136951881345652,0.0003015371981420176
2018-04-27,10.3,19.7,0.0,14.5,60,4.0,SSE,13,1024.3,18.6,39.0,0.0,E,15,1022.9,AUTUMN,-4.1,21.0,4.0,-2,1.4,9.4,0.0,False,NONE,False,0.0009136951881345652,0.0003015371981420176
2018-04-28,4.5,20.0,0.0,12.3,61,0.0,E,6,1027.8,18.6,46.0,6.0,E,20,1023.9,AUTUMN,-6.3,15.0,-6.0,-14,3.9,15.5,0.0,False,NONE,False,0.0009136951881345652,0.0003015371981420176
2018-04-29,2.9,19.3,0.0,11.5,74,8.0,SSE,7,1027.0,14.2,66.0,8.0,SSE,20,1024.2,AUTUMN,-2.7,8.0,0.0,-13,2.8,16.4,5.0,True,MODERATE,True,0.006234054810303679,0.018889960899812114
2018-04-30,2.9,19.8,5.0,10.4,72,0.0,SSE,2,1028.2,19.4,28.0,0.0,WNW,7,1025.4,AUTUMN,-9.0,44.0,0.0,-5,2.8,16.9,0.0,False,NONE,False,0.0009136951881345652,0.0003015371981420176
2018-05-1,0.7,22.9,0.0,9.7,61,0.0,ESE,9,1028.4,22.7,24.0,0.0,NNW,9,1024.8,AUTUMN,-13.0,37.0,0.0,0,3.6,22.2,0.0,False,NONE,False,0.0009136951881345652,0.0003015371981420176
2018-05-2,5.0,20.2,0.0,9.7,75,8.0,CALM,0,1023.6,19.8,43.0,3.0,NNW,26,1020.0,AUTUMN,-10.1,32.0,5.0,-26,3.6,15.2,0.0,False,NONE,False,0.0009136951881345652,0.0003015371981420176
2018-05-3,4.3,24.5,0.0,11.6,76,0.0,CALM,0,1021.4,23.7,31.0,1.0,NNW,31,1016.1,AUTUMN,-12.1,45.0,-1.0,-31,5.3,20.2,6.0,True,MODERATE,True,0.006234054810303679,0.018889960899812114
2018-05-4,11.6,16.5,6.0,12.8,95,8.0,NNW,31,1013.0,13.2,58.0,8.0,NW,35,1016.8,AUTUMN,-0.4,37.0,0.0,-4,-3.8,4.9,2.0,True,LIGHT,False,0.006234054810303679,0.0003015371981420176
2018-05-5,2.6,19.1,2.0,9.4,67,0.0,SSW,2,1029.1,18.6,42.0,0.0,N,11,1027.1,AUTUMN,-9.2,25.0,0.0,-9,2.0,16.5,0.0,False,NONE,False,0.0009136951881345652,0.0003015371981420176
2018-05-6,-0.1,19.8,0.0,8.6,71,0.0,SE,6,1033.5,19.1,29.0,0.0,NNW,11,1029.3,AUTUMN,-10.5,42.0,0.0,-5,4.2,19.9,0.0,False,NONE,False,0.0009136951881345652,0.0003015371981420176
2018-05-7,0.0,19.9,0.0,6.0,88,0.0,N,2,1026.9,19.5,33.0,0.0,NW,31,1020.4,AUTUMN,-13.5,55.0,0.0,-29,6.5,19.9,0.0,False,NONE,False,0.0009136951881345652,0.0003015371981420176
2018-05-8,6.0,22.6,0.0,10.3,83,8.0,SSE,6,1023.7,20.3,39.0,8.0,NNW,24,1021.9,AUTUMN,-10.0,44.0,0.0,-18,1.8,16.6,0.0,False,NONE,False,0.0009136951881345652,0.0003015371981420176
2018-05-9,2.5,20.8,0.0,9.7,85,0.0,CALM,0,1022.9,19.4,28.0,0.0,NW,24,1017.8,AUTUMN,-9.7,57.0,0.0,-24,5.1,18.3,0.0,False,NONE,False,0.0009136951881345652,0.0003015371981420176
2018-05-10,2.4,15.6,0.0,12.9,60,0.0,NNW,26,1011.1,9.1,79.0,4.0,NNW,26,1008.4,AUTUMN,3.8,-19.0,-4.0,0,2.7,13.2,3.6,True,MODERATE,True,0.006234054810303679,0.018889960899812114
2018-05-11,2.4,12.3,3.6,4.8,82,5.0,NNW,24,1009.0,7.0,72.0,8.0,NW,28,1008.3,AUTUMN,-2.2,10.0,-3.0,-4,0.7,9.9,0.2,True,LIGHT,False,0.006234054810303679,0.0003015371981420176
2018-05-12,4.6,13.0,0.2,11.4,69,8.0,S,13,1012.1,11.5,75.0,6.0,SSW,17,1015.4,AUTUMN,-0.1,-6.0,2.0,-4,-3.3,8.4,0.2,True,LIGHT,False,0.006234054810303679,0.0003015371981420176
2018-05-13,8.6,17.0,0.2,11.7,58,0.0,S,43,1023.2,15.9,40.0,1.0,S,33,1023.0,AUTUMN,-4.2,18.0,-1.0,10,0.2,8.4,0.0,False,NONE,False,0.0009136951881345652,0.0003015371981420176
2018-05-14,1.2,17.7,0.0,9.0,70,0.0,SSE,15,1028.8,17.3,30.0,0.0,WNW,6,1024.7,AUTUMN,-8.3,40.0,0.0,9,4.1,16.5,0.0,False,NONE,False,0.0009136951881345652,0.0003015371981420176
2018-05-15,-1.9,15.5,0.0,4.3,91,0.0,NNW,6,1025.1,14.6,49.0,0.0,NNW,6,1022.0,AUTUMN,-10.3,42.0,0.0,0,3.1,17.4,0.0,False,NONE,False,0.0009136951881345652,0.0003015371981420176
2018-05-16,-1.3,15.3,0.0,7.7,69,0.0,SE,13,1028.8,14.7,38.0,0.0,WNW,11,1026.2,AUTUMN,-7.0,31.0,0.0,2,2.6,16.6,0.0,False,NONE,False,0.0009136951881345652,0.0003015371981420176
2018-05-17,-2.1,15.7,0.0,5.0,80,0.0,NNW,2,1027.5,14.7,48.0,0.0,NNW,22,1022.9,AUTUMN,-9.7,32.0,0.0,-20,4.6,17.8,0.0,False,NONE,False,0.0009136951881345652,0.0003015371981420176
2018-05-18,-1.8,18.1,0.0,5.1,84,0.0,CALM,0,1023.8,16.7,46.0,0.0,N,13,1020.4,AUTUMN,-11.6,38.0,0.0,-13,3.4,19.9,0.0,False,NONE,False,0.0009136951881345652,0.0003015371981420176
2018-05-19,1.7,15.2,0.0,4.0,98,7.0,SE,6,1025.4,14.5,52.0,1.0,NNW,24,1020.9,AUTUMN,-10.5,46.0,6.0,-18,4.5,13.5,0.0,False,NONE,False,0.0009136951881345652,0.0003015371981420176
2018-05-20,-1.1,17.0,0.0,5.4,92,8.0,CALM,0,1022.0,14.9,41.0,0.0,NW,28,1018.5,AUTUMN,-9.5,51.0,8.0,-28,3.5,18.1,0.0,False,NONE,False,0.0009136951881345652,0.0003015371981420176
2018-05-21,5.4,16.9,0.0,13.8,53,5.0,NW,22,1020.6,15.7,43.0,0.0,WNW,28,1018.8,AUTUMN,-1.9,10.0,5.0,-6,1.8,11.5,0.0,False,NONE,False,0.0009136951881345652,0.0003015371981420176
2018-05-22,6.8,20.3,0.0,10.6,71,0.0,NNW,19,1021.7,18.7,41.0,0.0,WSW,28,1019.8,AUTUMN,-8.1,30.0,0.0,-9,1.9,13.5,0.0,False,NONE,False,0.0009136951881345652,0.0003015371981420176
2018-05-23,2.2,16.8,0.0,6.6,99,8.0,E,7,1027.7,15.6,64.0,0.0,NW,9,1023.7,AUTUMN,-9.0,35.0,8.0,-2,4.0,14.6,0.0,False,NONE,False,0.0009136951881345652,0.0003015371981420176
2018-05-24,2.0,16.9,0.0,6.9,99,8.0,NE,2,1026.8,16.2,54.0,0.0,W,7,1023.0,AUTUMN,-9.3,45.0,8.0,-5,3.8,14.9,0.0,False,NONE,False,0.0009136951881345652,0.0003015371981420176
2018-05-25,2.1,16.5,0.0,8.2,79,8.0,CALM,0,1030.4,15.9,45.0,0.0,ENE,11,1027.7,AUTUMN,-7.7,34.0,8.0,-11,2.7,14.4,0.0,False,NONE,False,0.0009136951881345652,0.0003015371981420176
2018-05-26,0.7,17.2,0.0,6.3,93,8.0,ESE,9,1031.1,15.8,54.0,0.0,WSW,4,1027.8,AUTUMN,-9.5,39.0,8.0,5,3.3,16.5,0.0,False,NONE,False,0.0009136951881345652,0.0003015371981420176
2018-05-27,-2.4,17.3,0.0,5.8,87,0.0,CALM,0,1030.1,16.4,43.0,1.0,NW,13,1026.5,AUTUMN,-10.6,44.0,-1.0,-13,3.6,19.7,0.0,False,NONE,False,0.0009136951881345652,0.0003015371981420176
2018-05-28,2.9,17.7,0.0,7.4,81,4.0,SW,6,1026.4,16.5,46.0,7.0,N,15,1022.6,AUTUMN,-9.1,35.0,-3.0,-9,3.8,14.8,0.0,False,NONE,False,0.0009136951881345652,0.0003015371981420176
2018-05-29,-0.1,17.1,0.0,6.3,85,1.0,SSW,2,1020.7,12.8,82.0,8.0,N,24,1017.6,AUTUMN,-6.5,3.0,-7.0,-22,3.1,17.2,3.0,True,MODERATE,True,0.006234054810303679,0.018889960899812114
2018-05-30,1.0,13.4,3.0,5.0,99,8.0,NNW,2,1020.9,12.6,51.0,6.0,WNW,13,1019.5,AUTUMN,-7.6,48.0,2.0,-11,1.4,12.4,0.0,False,NONE,False,0.0009136951881345652,0.0003015371981420176
2018-05-31,3.3,13.3,0.0,7.6,80,3.0,NNW,2,1022.5,12.4,40.0,0.0,S,22,1022.8,AUTUMN,-4.8,40.0,3.0,-20,-0.3,10.0,0.0,False,NONE,False,0.0009136951881345652,0.0003015371981420176
2018-06-1,3.3,12.6,0.0,7.2,66,7.0,S,28,1027.0,11.3,52.0,8.0,S,22,1025.8,WINTER,-4.1,14.0,-1.0,6,1.2,9.3,0.0,False,NONE,False,0.0009136951881345652,0.0003015371981420176
2018-06-2,2.4,13.3,0.0,10.0,66,1.0,SSE,37,1023.4,11.4,62.0,8.0,S,31,1022.6,WINTER,-1.4,4.0,-7.0,6,0.8,10.9,0.0,False,NONE,False,0.0009136951881345652,0.0003015371981420176
2018-06-3,5.3,14.3,0.0,9.6,74,8.0,SSE,15,1024.3,13.6,57.0,8.0,SE,7,1021.8,WINTER,-4.0,17.0,0.0,8,2.5,9.0,0.0,False,NONE,False,0.0009136951881345652,0.0003015371981420176
2018-06-4,4.2,14.9,0.0,9.2,82,8.0,SSE,9,1022.6,14.1,56.0,8.0,CALM,0,1020.9,WINTER,-4.9,26.0,0.0,9,1.7,10.7,1.4,True,LIGHT,False,0.006234054810303679,0.0003015371981420176
2018-06-5,2.6,13.0,1.4,8.2,77,0.0,SSE,15,1028.7,11.4,71.0,8.0,ESE,26,1028.3,WINTER,-3.2,6.0,-8.0,-11,0.4,10.4,0.0,False,NONE,False,0.0009136951881345652,0.0003015371981420176
2018-06-6,4.8,15.9,0.0,9.9,89,6.0,SE,11,1032.8,13.9,64.0,8.0,E,17,1031.2,WINTER,-4.0,25.0,-2.0,-6,1.6,11.1,0.0,False,NONE,False,0.0009136951881345652,0.0003015371981420176
2018-06-7,2.2,16.6,0.0,7.7,99,7.0,CALM,0,1033.7,15.5,54.0,8.0,NNW,11,1028.5,WINTER,-7.8,45.0,-1.0,-11,5.2,14.4,0.0,False,NONE,False,0.0009136951881345652,0.0003015371981420176
2018-06-8,3.6,13.0,0.0,11.8,71,8.0,NNW,24,1025.2,11.3,80.0,8.0,NW,17,1022.4,WINTER,0.5,-9.0,0.0,7,2.8,9.4,4.4,True,MODERATE,True,0.006234054810303679,0.018889960899812114
2018-06-9,8.6,13.2,4.4,9.1,99,8.0,NNE,7,1023.9,12.3,72.0,2.0,W,7,1022.6,WINTER,-3.2,27.0,6.0,0,1.3,4.6,1.4,True,LIGHT,False,0.006234054810303679,0.0003015371981420176
2018-06-10,3.4,15.1,1.4,7.9,81,0.0,SE,9,1028.6,14.4,47.0,0.0,ESE,17,1026.3,WINTER,-6.5,34.0,0.0,-8,2.3,11.7,0.0,False,NONE,False,0.0009136951881345652,0.0003015371981420176
2018-06-11,0.8,14.4,0.0,6.8,89,0.0,N,6,1026.6,13.2,44.0,2.0,E,7,1021.7,WINTER,-6.4,45.0,-2.0,-1,4.9,13.6,2.2,True,MODERATE,True,0.006234054810303679,0.018889960899812114
2018-06-12,0.3,10.9,2.2,5.1,99,8.0,ENE,4,1014.2,10.2,85.0,8.0,NNW,17,1009.8,WINTER,-5.1,14.0,0.0,-13,4.4,10.6,1.4,True,LIGHT,False,0.006234054810303679,0.0003015371981420176
2018-06-13,5.0,14.1,1.4,9.2,90,1.0,NW,20,1012.1,11.4,56.0,8.0,WNW,20,1010.9,WINTER,-2.2,34.0,-7.0,0,1.2,9.1,0.0,False,NONE,False,0.0009136951881345652,0.0003015371981420176
2018-06-14,6.0,12.1,0.0,9.7,69,2.0,NNW,17,1015.3,11.0,51.0,1.0,W,30,1014.8,WINTER,-1.3,18.0,1.0,-13,0.5,6.1,0.8,True,LIGHT,False,0.006234054810303679,0.0003015371981420176
2018-06-15,7.1,10.9,0.8,7.5,91,8.0,NNW,35,1014.7,10.0,59.0,1.0,NW,35,1012.8,WINTER,-2.5,32.0,7.0,0,1.9,3.8,3.8,True,MODERATE,True,0.006234054810303679,0.018889960899812114
2018-06-16,4.6,9.9,3.8,6.7,84,0.0,NNW,24,1016.8,7.6,68.0,8.0,WNW,28,1013.5,WINTER,-0.9,16.0,-8.0,-4,3.3,5.3,1.4,True,LIGHT,False,0.006234054810303679,0.0003015371981420176
2018-06-17,2.2,8.5,1.4,4.9,78,5.0,NNW,28,1012.3,5.8,78.0,8.0,NNW,24,1012.0,WINTER,-0.9,0.0,-3.0,4,0.3,6.3,0.2,True,LIGHT,False,0.006234054810303679,0.0003015371981420176
2018-06-18,2.2,13.3,0.2,8.5,71,1.0,SSE,22,1019.5,10.8,66.0,4.0,S,15,1020.7,WINTER,-2.3,5.0,-3.0,7,-1.2,11.1,0.2,True,LIGHT,False,0.006234054810303679,0.0003015371981420176
2018-06-19,3.0,12.8,0.2,7.6,72,7.0,SSW,30,1026.5,12.5,55.0,8.0,S,26,1026.5,WINTER,-4.9,17.0,-1.0,4,0.0,9.8,0.0,False,NONE,False,0.0009136951881345652,0.0003015371981420176
2018-06-20,1.1,14.0,0.0,5.7,93,0.0,CALM,0,1030.8,13.3,46.0,0.0,NNW,7,1028.4,WINTER,-7.6,47.0,0.0,-7,2.4,12.9,0.0,False,NONE,False,0.0009136951881345652,0.0003015371981420176
2018-06-21,-4.1,12.7,0.0,1.0,94,0.0,ESE,2,1031.0,11.3,50.0,0.0,N,17,1027.9,WINTER,-10.3,44.0,0.0,-15,3.1,16.8,0.0,False,NONE,False,0.0009136951881345652,0.0003015371981420176
2018-06-22,-5.1,13.4,0.0,0.6,90,0.0,NNW,4,1030.2,12.7,46.0,0.0,NNW,19,1026.6,WINTER,-12.1,44.0,0.0,-15,3.6,18.5,0.2,True,LIGHT,False,0.006234054810303679,0.0003015371981420176
2018-06-23,-5.1,13.4,0.2,-0.5,99,8.0,NE,4,1027.6,13.2,38.0,0.0,NW,15,1024.2,WINTER,-13.7,61.0,8.0,-11,3.4,18.5,0.0,False,NONE,False,0.0009136951881345652,0.0003015371981420176
